文章標題,作者,文章日期,文章連結
[問卦] 戚夫人被做成人彘之後,hwsbetty,3/31,https://www.ptt.cc/bbs/Gossiping/M.1743401016.A.CCC.html
[問卦] 畫三角形 外資大賣預言成真 接下來呢?,wwewcwwwf,3/31,https://www.ptt.cc/bbs/Gossiping/M.1743401161.A.8E0.html
[問卦] 要出遠門 在阿嬤脖子上掛一個大餅可以嗎,poeta,3/31,https://www.ptt.cc/bbs/Gossiping/M.1743401218.A.0DA.html
[爆卦] 台股史上五大跌點,ncc5566,3/31,https://www.ptt.cc/bbs/Gossiping/M.1743401296.A.736.html
[問卦] 台股 前五大跌幅都在這兩年 各位有頭緒嗎,a5687920,3/31,https://www.ptt.cc/bbs/Gossiping/M.1743401354.A.500.html
[問卦] 20元的雞蛋水餃股 會不會跌到下市？,ppp123,3/31,https://www.ptt.cc/bbs/Gossiping/M.1743401396.A.5FA.html
[問卦] 吉卜力風格大家看膩了咩,Bastille,3/31,https://www.ptt.cc/bbs/Gossiping/M.1743401430.A.792.html
Fw: [公告] 請留意新註冊帳號使用信件詐騙,ubcs,11/02,https://www.ptt.cc/bbs/Gossiping/M.1730554547.A.41C.html
[公告] 八卦板板規(2025.01.21),ubcs,1/21,https://www.ptt.cc/bbs/Gossiping/M.1737398137.A.644.html
Fw: [公告] 請避免與登入1次之帳號進行交易 發錢,ubcs,3/12,https://www.ptt.cc/bbs/Gossiping/M.1741791500.A.EB6.html
[公告] 八卦板主徵選規則修正&截止時間,ubcs,3/28,https://www.ptt.cc/bbs/Gossiping/M.1743146619.A.5A2.html
Re: [問卦] 1天要吃8顆Tramadol的病情大概是有多嚴重,douge,3/31,https://www.ptt.cc/bbs/Gossiping/M.1743399821.A.57C.html
[問卦] 不到千點！900點算鄉民小贏了嗎,a82k7,3/31,https://www.ptt.cc/bbs/Gossiping/M.1743399839.A.976.html
[新聞] 大白天在江南公寓殺害妻子的60多歲丈夫被,Qorqios,3/31,https://www.ptt.cc/bbs/Gossiping/M.1743399899.A.86E.html
Re: [新聞] 天道盟公主開庭失控！亂扯一通還罵檢警,laptic,3/31,https://www.ptt.cc/bbs/Gossiping/M.1743399974.A.B7D.html
Re: [問卦] 不到千點！900點算鄉民小贏了嗎,gigaman,3/31,https://www.ptt.cc/bbs/Gossiping/M.1743400105.A.7E2.html
[新聞] 關稅戰引憂慮 川普要求玩更大,JQK2,3/31,https://www.ptt.cc/bbs/Gossiping/M.1743400201.A.391.html
[問卦] 在機場等飛機除了吃還能幹嘛,cj4385283,3/31,https://www.ptt.cc/bbs/Gossiping/M.1743400218.A.1D4.html
[新聞] 柯文哲「生理指數正常」無法留院！　醫,WuSam,3/31,https://www.ptt.cc/bbs/Gossiping/M.1743400252.A.5BE.html
Re: [爆卦] 黑熊學院 疑似個資外洩,jknm0510a,3/31,https://www.ptt.cc/bbs/Gossiping/M.1743400267.A.219.html
[問卦] 有沒有☞【大民主義】☜的八卦？,Qorqios,3/31,https://www.ptt.cc/bbs/Gossiping/M.1743400362.A.FE9.html
[新聞] 台南多元計程車跨雙黃線逆向嗆人離譜三,MeeToo,3/31,https://www.ptt.cc/bbs/Gossiping/M.1743400362.A.A89.html
[問卦] 土地公到底算不算財神==？,anonymitet,3/31,https://www.ptt.cc/bbs/Gossiping/M.1743400494.A.C27.html
Re: [問卦] 1天要吃8顆Tramadol的病情大概是有多嚴重,a5687920,3/31,https://www.ptt.cc/bbs/Gossiping/M.1743400502.A.9F3.html
[問卦] 圓山捷運站附近美食沙漠吧？！,rageshone,3/31,https://www.ptt.cc/bbs/Gossiping/M.1743400729.A.7D5.html
[問卦] 有沒有在家撐30天的生存守則可以參考？,zzzzzzzzzzzy,3/31,https://www.ptt.cc/bbs/Gossiping/M.1743400742.A.113.html
[問卦] 今天台股跌成屎 是不給面子嗎,sweet79731,3/31,https://www.ptt.cc/bbs/Gossiping/M.1743400792.A.650.html
[問卦] 茶魔的微糖比一般半糖還甜= =,UWinKing,3/31,https://www.ptt.cc/bbs/Gossiping/M.1743400836.A.7BA.html
Re: [問卦] 日本堆沙包強迫症的自衛隊 對台有何幫助,stjchl,3/31,https://www.ptt.cc/bbs/Gossiping/M.1743400851.A.5E8.html
Re: [爆卦] 黑熊學院 疑似個資外洩,kaky,3/31,https://www.ptt.cc/bbs/Gossiping/M.1743400883.A.593.html
[新聞] 台股面臨2萬點保衛戰 財政部：必要時國安,seysem,3/31,https://www.ptt.cc/bbs/Gossiping/M.1743401013.A.825.html
