,Unnamed: 0,標題,時間,內容,類別,版名,文章ID,作者,IP,總留言數,留言內容,推推總數,噓聲總數,中立總數,留言總數,所有文,關鍵字
4,4,Fw: [情報] 士林曼黛瑪璉內衣特賣~內衣2件900起,2022-02-25 22:53:10,"
作者: sisy1017 (西西) 看板: Actuary
標題: [情報] 士林曼黛瑪璉內衣特賣~內衣2件900起
時間: Fri Feb 25 22:52:58 2022

是否為店家分享文：是


店        家：曼黛瑪璉內衣特賣


日 期／時 間：即日起~111/3/27 11：00~21：00


地        點：台北市士林區中正路174號（捷運士林站1號出口）


來源 or 網址：<a href=""https://reurl.cc/3jmQNV"" rel=""noreferrer noopener nofollow"" target=""_blank"">https://reurl.cc/3jmQNV</a>


內容 or 商品：

<a href=""https://pic.pimg.tw/sisy1017/1642087380-2708514692-g.jpg"" rel=""noreferrer noopener nofollow"" target=""_blank"">https://pic.pimg.tw/sisy1017/1642087380-2708514692-g.jpg</a>

<a href=""https://pic.pimg.tw/sisy1017/1645742287-2232141547-g.jpg"" rel=""noreferrer noopener nofollow"" target=""_blank"">https://pic.pimg.tw/sisy1017/1645742287-2232141547-g.jpg</a>

<a href=""https://pic.pimg.tw/sisy1017/1643819626-4266214840-g.jpg"" rel=""noreferrer noopener nofollow"" target=""_blank"">https://pic.pimg.tw/sisy1017/1643819626-4266214840-g.jpg</a>

<a href=""https://pic.pimg.tw/sisy1017/1645741642-832003374-g.jpg"" rel=""noreferrer noopener nofollow"" target=""_blank"">https://pic.pimg.tw/sisy1017/1645741642-832003374-g.jpg</a>

曼黛瑪璉內衣特賣來士林囉！

Hibra、雙弧、無鋼圈內衣特價2件900元、小褲6件1000元！

暢銷組內衣1套960元、2套1680元！

熱賣組正品降價2套2080元！

當季正品8折，滿萬75折！滿額再送好禮！

現場也有大尺寸罩杯，最大到100H哦！

也可用紙本五倍券！",情報,underwear,M.1645800791.A.86A,sisy1017 (西西),(臺灣),0,[],0,0,0,0,Fw情報士林曼黛瑪璉內衣特賣內衣2件900起作者sisy1017西西Actuary標題情報士林曼黛瑪璉內衣特賣內衣2件900起FriFeb252252582022是否為店家分享文是店家曼黛瑪璉內衣特賣日期／時間即日起11132711002100地點台北市士林區中正路174號捷運士林站1號出口來源or網址areurlcc3jmQNVnoreferrernoopener_blankreurlcc3jmQNVa內容or商品apicpimgtwsisy101716420873802708514692gnoreferrernoopener_blankpicpimgtwsisy101716420873802708514692gaapicpimgtwsisy101716457422872232141547gnoreferrernoopener_blankpicpimgtwsisy101716457422872232141547gaapicpimgtwsisy101716438196264266214840gnoreferrernoopener_blankpicpimgtwsisy101716438196264266214840gaapicpimgtwsisy10171645741642832003374gnoreferrernoopener_blankpicpimgtwsisy10171645741642832003374ga曼黛瑪璉內衣特賣來士林囉Hibra雙弧無鋼圈內衣特價2件900元小褲6件1000元暢銷組內衣1套960元2套1680元熱賣組正品降價2套2080元當季正品8折滿萬75折滿額再送好禮現場也有大尺寸罩杯最大到100H哦也可用紙本五倍券,"['Fw', '情報', '士林', '曼黛瑪璉', '內衣', '特賣', '內衣', '2', '件', '900', '起', '作者', 'sisy1017', '西西', 'Actuary', '標題', '情報', '士林', '曼黛瑪璉', '內衣', '特賣', '內衣', '2', '件', '900', '起', 'FriFeb252252582022', '是', '否為', '店家', '分享', '文是', '店家', '曼黛瑪璉', '內衣', '特賣', '日期', '／', '時間', '即日起', '11132711002100', '地點', '台北市', '士林區', '中正路', '174', '號捷運', '士林', '站', '1', '號', '出口', '來源', 'or', '網址', 'areurlcc3jmQNVnoreferrernoopener', '_', 'blankreurlcc3jmQNVa', '內容', 'or', '商品', 'apicpimgtwsisy101716420873802708514692gnoreferrernoopener', '_', 'blankpicpimgtwsisy101716420873802708514692gaapicpimgtwsisy101716457422872232141547gnoreferrernoopener', '_', 'blankpicpimgtwsisy101716457422872232141547gaapicpimgtwsisy101716438196264266214840gnoreferrernoopener', '_', 'blankpicpimgtwsisy101716438196264266214840gaapicpimgtwsisy10171645741642832003374gnoreferrernoopener', '_', 'blankpicpimgtwsisy10171645741642832003374ga', '曼黛瑪璉', '內衣', '特賣', '來', '士林', '囉', 'Hibra', '雙弧', '無', '鋼圈', '內衣', '特價', '2', '件', '900', '元小褲', '6', '件', '1000', '元暢', '銷組', '內衣', '1', '套', '960', '元', '2', '套', '1680', '元熱賣', '組正品', '降價', '2', '套', '2080', '元', '當季', '正品', '8', '折滿', '萬', '75', '折滿額', '再', '送', '好禮', '現場', '也', '有', '大', '尺寸', '罩', '杯', '最大到', '100H', '哦', '也', '可用', '紙本', '五倍', '券']"
5,5,[心得] 終於入手人生第一套莎露了,2022-02-23 23:43:48,"在板上被燒到莎露好一陣子了，但因為價位問題遲遲沒有入手
前一陣子去百貨公司逛街的時候，剛好看到莎露的櫃位，於是想著剛發年終獎金就進去說穿
了XDD
總共試穿了三套，櫃姐有介紹款式，但我沒記住，就麻煩板友補充了

我試穿的尺寸是80G和85F，二個size穿起來感覺差不多
簡單說一下心得，莎露的內衣包覆性超好，穩定度也很夠，尤其上面的刺繡真的美得不要不
要的


以下有實穿照
第一套和第二套是同一個款式，只是顏色不同，我最終入手紫色這套
<a href=""https://i.imgur.com/bi4cNHL.jpg"" rel=""noreferrer noopener nofollow"" target=""_blank"">https://i.imgur.com/bi4cNHL.jpg</a>
<a href=""https://i.imgur.com/sFygLP1.jpg"" rel=""noreferrer noopener nofollow"" target=""_blank"">https://i.imgur.com/sFygLP1.jpg</a>

<a href=""https://i.imgur.com/zZWNW3o.jpg"" rel=""noreferrer noopener nofollow"" target=""_blank"">https://i.imgur.com/zZWNW3o.jpg</a>
<a href=""https://i.imgur.com/W5PBGMn.jpg"" rel=""noreferrer noopener nofollow"" target=""_blank"">https://i.imgur.com/W5PBGMn.jpg</a>
上面的花刺繡真的很精緻

第三套顏色比較跳，跟上一篇suki大的53花色很像，我也很喜歡這套，不過礙於預算決定等
下次有機會再帶回家了
<a href=""https://i.imgur.com/s1DQptz.jpg"" rel=""noreferrer noopener nofollow"" target=""_blank"">https://i.imgur.com/s1DQptz.jpg</a>
<a href=""https://i.imgur.com/YfvhW3o.jpg"" rel=""noreferrer noopener nofollow"" target=""_blank"">https://i.imgur.com/YfvhW3o.jpg</a>

這次買一套打完折5,200左右，看到日本網站價格只有一半真的超心動的",心得,underwear,M.1645631030.A.F7A,hjkl369 (hjkl369),(臺灣),16,"[{'type': '推', 'user': 'yalisa61037', 'content': '美美的', 'ipdatetime': '02/23 23:52'}, {'type': '推', 'user': 'wenyu66', 'content': '真的都很美欸 不能再看了嗚嗚嗚 好想買', 'ipdatetime': '02/24 00:23'}, {'type': '推', 'user': 'sd929598', 'content': '感覺穿起來會刺刺的', 'ipdatetime': '02/24 01:27'}, {'type': '推', 'user': 'mocc', 'content': '*\\(^o^)/*', 'ipdatetime': '02/24 09:23'}, {'type': '推', 'user': 'Valentine17', 'content': '樓樓上sd 大 莎露的蕾絲真的穿起來不會刺！這大概也', 'ipdatetime': '02/24 12:15'}, {'type': '→', 'user': 'Valentine17', 'content': '是為什麼可以賣這麼貴的原因XD', 'ipdatetime': '02/24 12:15'}, {'type': '推', 'user': 'r40296', 'content': '有了第一套就會有第三套第四套～', 'ipdatetime': '02/24 12:42'}, {'type': '推', 'user': 'pchome0503', 'content': '符合我要的尺寸 又是華麗的龍袍內衣～', 'ipdatetime': '02/24 13:13'}, {'type': '→', 'user': 'hjkl369', 'content': '莎露穿起來真的完全不刺，非常親膚，再加上版型很適合我', 'ipdatetime': '02/24 15:51'}, {'type': '→', 'user': 'hjkl369', 'content': '，所以覺得錢花得值得', 'ipdatetime': '02/24 15:51'}, {'type': '推', 'user': 'sodahaini', 'content': '粉色的好美好春天', 'ipdatetime': '02/24 22:21'}, {'type': '推', 'user': 'alpha6eta', 'content': '刺繡好美喔，原po穿起來超美。', 'ipdatetime': '02/24 22:49'}, {'type': '→', 'user': 'mavis825', 'content': '2、3套好美', 'ipdatetime': '02/25 10:19'}, {'type': '推', 'user': 'liberating', 'content': '這肩帶應該外露也很漂亮 我如果不穿內衣會垂 但夏天', 'ipdatetime': '02/25 15:39'}, {'type': '→', 'user': 'liberating', 'content': '一來真的想細肩帶直接穿出門', 'ipdatetime': '02/25 15:39'}, {'type': '→', 'user': 'standby', 'content': '每套都好美!', 'ipdatetime': '02/26 11:49'}]",10,0,6,16,心得終於入手人生第一套莎露了在板上被燒到莎露好一陣子了但因為價位問題遲遲沒有入手前一陣子去百貨公司逛街時候剛好看到莎露櫃位於是想著剛發年終獎金就進去說穿了D總共試穿了三套櫃姐有介紹款式但我沒記住就麻煩板友補充了我試穿尺寸是80G和85F二個size穿起來感覺差不多簡單說一下心得莎露內衣包覆性超好穩定度也很夠尤其上面刺繡真美得不要不要以下有實穿照第一套和第二套是同一個款式只是顏色不同我最終入手紫色這套aicombi4cNHLnoreferrernoopener_blankicombi4cNHLaaicomsFygLP1noreferrernoopener_blankicomsFygLP1aaicomzZWNW3onoreferrernoopener_blankicomzZWNW3oaaicomW5PBGMnnoreferrernoopener_blankicomW5PBGMna上面花刺繡真很精緻第三套顏色比較跳跟上一篇suki大53花色很像我也很喜歡這套不過礙於預算決定等下次有機會再帶回家了aicoms1DQptznoreferrernoopener_blankicoms1DQptzaaicomYfvhW3onoreferrernoopener_blankicomYfvhW3oa這次買一套打完折5200左右看到日本網站價格只有一半真超心動,"['心得', '終於', '入手', '人生', '第', '一套', '莎露', '了', '在', '板', '上', '被', '燒到', '莎露', '好', '一陣子', '了', '但', '因為', '價位', '問題', '遲遲', '沒有', '入手', '前一陣子', '去', '百貨', '公司', '逛', '街時', '候剛', '好看', '到', '莎', '露櫃', '位於', '是', '想', '著', '剛發', '年終獎金', '就', '進去', '說', '穿', '了', 'D', '總共試', '穿', '了', '三套', '櫃姐', '有', '介紹', '款式', '但', '我', '沒', '記住', '就', '麻煩', '板友', '補充', '了', '我試', '穿', '尺寸', '是', '80G', '和', '85F', '二個', 'size', '穿', '起來', '感覺', '差不多', '簡單', '說', '一下', '心得', '莎露', '內衣', '包覆', '性超', '好', '穩定度', '也', '很夠', '尤其', '上面', '刺繡', '真美得', '不要', '不要', '以', '下有', '實穿', '照', '第', '一套', '和', '第', '二套', '是', '同一個', '款式', '只是', '顏色', '不同', '我', '最終', '入手', '紫色', '這套', 'aicombi4cNHLnoreferrernoopener', '_', 'blankicombi4cNHLaaicomsFygLP1noreferrernoopener', '_', 'blankicomsFygLP1aaicomzZWNW3onoreferrernoopener', '_', 'blankicomzZWNW3oaaicomW5PBGMnnoreferrernoopener', '_', 'blankicomW5PBGMna', '上面', '花', '刺繡', '真', '很', '精', '緻', '第', '三套', '顏色', '比', '較', '跳', '跟', '上', '一篇', 'suki', '大', '53', '花色', '很', '像', '我', '也', '很', '喜歡', '這套', '不過', '礙', '於', '預算', '決定', '等', '下次', '有', '機會', '再', '帶回家', '了', 'aicoms1DQptznoreferrernoopener', '_', 'blankicoms1DQptzaaicomYfvhW3onoreferrernoopener', '_', 'blankicomYfvhW3oa', '這次', '買', '一套', '打', '完折', '5200', '左右', '看到', '日本', '網站', '價格', '只有', '一半', '真超', '心動']"
6,6,"[心得] 莎露貝殼杯三系列 22, 46, 53",2022-02-23 14:24:08,"內衣品牌：莎露 Salute

品名或型號：22, 46, 53

心得：


以下依標題介紹，大家可按照標題去看想看的部分。


<span class=""f3 hl"">年份：</span>
22 系列：2020 春夏
46 系列：2021 春夏
53 系列：2021 秋冬

<span class=""f3 hl"">名稱介紹：</span>
莎露貝殼杯有個專屬名字：front-X (フロント-X)
這是個日式英文，是指在正面的杯型設計低脊心，讓胸部有很美的溝，這溝有如 X 般交
叉在胸前。

<span class=""f3 hl"">數字系列別：</span>
莎露每季（一年兩季，春夏 &amp; 秋冬）都會出 6、7 款。
其中包含：
1. 較素面基本款（0 結尾）
2. 兩款頂級款（2結尾、店舖限定9結尾）
3. 也是鮮豔多彩刺繡的款 (3 結尾）
4. 還算鮮豔我不太會定義的款（6 結尾）
5. 日本設計中國製作，刺繡較不鮮豔（7 結尾）

數字結尾對應款式類型的模式會變，我猜大概是五年一輪。像是過去五年的頂級款是 4,
8, 9 結尾，從2021 秋冬開始反而變成 2, 9 結尾。


<span class=""f3 hl"">杯型系列別：</span>
每季的每款基本上都是出最基本熱賣的 Push-up 杯型。再搭配每系列會附上額外一個～
兩個杯型。
額外的杯型像是：
<span class=""f2 hl"">蝴蝶結杯型</span> (ribbon bra) 、<span class=""f2 hl"">貝殼杯</span> (front-x)、<span class=""f2 hl"">rich veil</span> 杯（背後袋改為全蕾絲，僅
限日本店鋪販售）、<span class=""f2 hl"">女優杯型</span>（中間脊心較高）、<span class=""f2 hl"">大罩杯款全罩</span>。
並非每系列都會出其他杯型，似乎是看設計而有所搭配。
通常是每季只會有一款以上提到的額外杯型，而幾乎每系列都是 push-up 這個經典杯型
。
這是我個人觀察，有誤也歡迎提出討論！


我以前都只買經典杯型 push-up, 是某次心血來潮買了貝殼覺得不錯，所以後來遇到喜歡
的設計時，就會加減買進來～


<span class=""f3 hl"">我的內衣介紹：</span>
接下來就直接介紹這三系列了！
其實貝殼杯版型都是一模一樣，只差在外型是否喜歡。身為內衣狂熱者，只要是遇到喜歡
的設計，我都會找適當時機買下！

這三款每個都有出道四種顏色，其中 22 我買過兩色，46 買了兩色，53 買了一色。

<span class=""f3 hl"">實品圖</span>（皆為網路上抓的圖片）：
<a href=""https://i.imgur.com/h87fQBY.jpg"" rel=""noreferrer noopener nofollow"" target=""_blank"">https://i.imgur.com/h87fQBY.jpg</a>
<a href=""https://i.imgur.com/Gb6KCj9.jpg"" rel=""noreferrer noopener nofollow"" target=""_blank"">https://i.imgur.com/Gb6KCj9.jpg</a>
<a href=""https://i.imgur.com/6bY6cjK.jpg"" rel=""noreferrer noopener nofollow"" target=""_blank"">https://i.imgur.com/6bY6cjK.jpg</a>

<span class=""f3 hl"">我的實穿：</span>
<span class=""f2 hl"">22 紫：</span>
穿著尺寸 70E, 小丁 M
<a href=""https://i.imgur.com/jfkW4CQ.jpg"" rel=""noreferrer noopener nofollow"" target=""_blank"">https://i.imgur.com/jfkW4CQ.jpg</a>
<a href=""https://i.imgur.com/p7dv93z.jpg"" rel=""noreferrer noopener nofollow"" target=""_blank"">https://i.imgur.com/p7dv93z.jpg</a>
<a href=""https://i.imgur.com/Tnu05Pc.jpg"" rel=""noreferrer noopener nofollow"" target=""_blank"">https://i.imgur.com/Tnu05Pc.jpg</a>

<span class=""f2 hl"">22 綠：</span>
穿著尺寸 70E, 小丁 M
<a href=""https://i.imgur.com/KITUdkT.jpg"" rel=""noreferrer noopener nofollow"" target=""_blank"">https://i.imgur.com/KITUdkT.jpg</a>
<a href=""https://i.imgur.com/WZsxBZz.jpg"" rel=""noreferrer noopener nofollow"" target=""_blank"">https://i.imgur.com/WZsxBZz.jpg</a>

<span class=""f2 hl"">46 白：</span>
穿著尺寸 70D, 小丁 M
<a href=""https://i.imgur.com/NKtGuwA.jpg"" rel=""noreferrer noopener nofollow"" target=""_blank"">https://i.imgur.com/NKtGuwA.jpg</a>
<a href=""https://i.imgur.com/UN3QNhq.jpg"" rel=""noreferrer noopener nofollow"" target=""_blank"">https://i.imgur.com/UN3QNhq.jpg</a>
<a href=""https://i.imgur.com/wQr3iK8.jpg"" rel=""noreferrer noopener nofollow"" target=""_blank"">https://i.imgur.com/wQr3iK8.jpg</a>
<a href=""https://i.imgur.com/Lbi2jzI.jpg"" rel=""noreferrer noopener nofollow"" target=""_blank"">https://i.imgur.com/Lbi2jzI.jpg</a>

<span class=""f2 hl"">46 黑：</span>
穿著尺寸 70D, 小丁 M
<a href=""https://i.imgur.com/ePWxdsq.jpg"" rel=""noreferrer noopener nofollow"" target=""_blank"">https://i.imgur.com/ePWxdsq.jpg</a>
<a href=""https://i.imgur.com/SwdgUAC.jpg"" rel=""noreferrer noopener nofollow"" target=""_blank"">https://i.imgur.com/SwdgUAC.jpg</a>

<span class=""f2 hl"">53 黑：</span>
穿著尺寸 70D, 小丁 M
<a href=""https://i.imgur.com/FAiBip3.jpg"" rel=""noreferrer noopener nofollow"" target=""_blank"">https://i.imgur.com/FAiBip3.jpg</a>
<a href=""https://i.imgur.com/p91LCrd.jpg"" rel=""noreferrer noopener nofollow"" target=""_blank"">https://i.imgur.com/p91LCrd.jpg</a>
<a href=""https://i.imgur.com/bBjlfKb.jpg"" rel=""noreferrer noopener nofollow"" target=""_blank"">https://i.imgur.com/bBjlfKb.jpg</a>

<span class=""f3 hl"">舒服度：</span>
舒服度是因人而異的。我自己則是穿了莎露、Trefle 的日製內衣後，就完全回不去台灣
黛安芬、華歌爾、曼黛等高脅邊高背後的緊緊內衣了。

莎露內衣就是厲害在設計美、材質好、低側邊，可以不像穿著馬甲的束縛，卻能兼具好看
、舒服、完全不刺癢的特色。戰鬥、日常穿都適合。
穿起來的感受，跟台灣的造溝紅牌 Q 可說是大相徑庭。 Q 好看，但是買過一次後，我再
也不買了...穿起來非常不舒服，硬、不服貼，只適合戰鬥用，無法平日穿。

所以這就是為何很多人回不去台灣內衣的原因。但相對的也反映在價格上，關於這點，就
要買的精買的巧啦！

<span class=""f3 hl"">尺寸選擇：</span>
櫃姐會建議要拿比平常莎露大一杯，所以最初兩件我買了 70E (前兩套實穿）。

看起來沒問題，但實際上我覺得面積太大，胸部兩側變得好寬、面積大的布料也讓我覺得
好重。
所以下一件我試著買了跟平常一樣的 70D，穿起來效果差不多，大胸那邊很爆乳，要把噴
出來的點點塞回去。而整體罩杯面積較小，也不會有側邊太寬的問題。

所以呀，貝殼杯還是建議大家去櫃上試試，兩個尺碼選你比較喜歡的穿著感！

<span class=""f3 hl"">購買方式 ＆ 價格：</span>
莎露我幾乎都是日本樂天 shirohato 店鋪購買的（購買方式我的網誌有寫），當太晚買
、尺寸賣光時，我才會到台灣櫃上買。

<span class=""f2 hl"">日本樂天 shirohato 價錢：</span>
成套價大約 <span class=""f1 hl"">2500</span> 台幣（不含運費、未使用折扣券情形）
內衣不含稅 9000日幣、內褲 4750 日幣

<span class=""f2 hl"">台灣專櫃價格：</span>
成套價大約 <span class=""f1 hl"">5000 多</span>台幣
內衣吊牌價 4080 台幣、內褲 1880
5000 多是我扣掉櫃上應該會有的折扣。

<span class=""f3 hl"">個人心得：</span>
其實以前對貝殼杯是還好的，想說不用特別追求溝溝。但因爲男友很愛貝殼杯，所以我最
近開始買比較多。

他本身是個莎露愛好者，看到平常的莎露就很興奮了，而看到貝殼杯近乎抓狂。

再分享個小撇步：
貝殼杯儘量買深色的，再搭配大腿襪，非常無敵，男生會愛死！但可不能天天這樣穿，這
樣會把對方的胃口養大。

我一直以來的心態都是買漂亮內衣是自己穿開心，但老實説...

有個也熱愛內衣的男友真棒，超棒。他會用很享受、很激情的眼神看著妳，一邊看一邊說
著好美，再把頭一直埋在貝殼杯推出來的溝前面狂吸狂親。接著又是纏綿的一夜啦！

先這樣，大家也快去買貝殼杯！掰掰～",心得,underwear,M.1645597450.A.A3D,sukiyasuki (すき家大好き),(臺灣),30,"[{'type': '推', 'user': 'jd21', 'content': '很好看 很性福', 'ipdatetime': '02/23 15:12'}, {'type': '推', 'user': 'riesz0505', 'content': '深色是大辣～～suki大胸型好美好好看！想問如果是上', 'ipdatetime': '02/23 16:01'}, {'type': '→', 'user': 'riesz0505', 'content': '胸偏無肉的軟奶適合嗎？謝謝！', 'ipdatetime': '02/23 16:01'}, {'type': '推', 'user': 'blueskyj1023', 'content': '這幾件都好好看~看來要花大錢買了', 'ipdatetime': '02/23 17:04'}, {'type': '推', 'user': 'Valentine17', 'content': '推推suki大！貝殼杯真的好美', 'ipdatetime': '02/23 17:58'}, {'type': '推', 'user': 'wenyu66', 'content': '喔天哪真的好美 內衣好美 suki大也好辣 好燒希望有機會', 'ipdatetime': '02/23 18:06'}, {'type': '→', 'user': 'wenyu66', 'content': '能去日本買QQ 台灣好貴', 'ipdatetime': '02/23 18:06'}, {'type': '推', 'user': 'r40296', 'content': '本來對46無感，後來看你分享46實穿，直接下單了XD', 'ipdatetime': '02/23 18:15'}, {'type': '推', 'user': 'ki0107k', 'content': '只能推了 羨慕', 'ipdatetime': '02/23 18:22'}, {'type': '推', 'user': 'smallsun0810', 'content': '看到sukiya 推就對了', 'ipdatetime': '02/23 22:15'}, {'type': '推', 'user': 'hjkl369', 'content': '我也超愛莎露的！看來要來研究怎麼從日本購買了', 'ipdatetime': '02/23 22:16'}, {'type': '推', 'user': 'rerun', 'content': '有夠繽紛', 'ipdatetime': '02/23 22:26'}, {'type': '推', 'user': 'sus304', 'content': '美，黑色好看', 'ipdatetime': '02/23 23:20'}, {'type': '推', 'user': 'yalisa61037', 'content': '超美 身材好好', 'ipdatetime': '02/23 23:48'}, {'type': '推', 'user': 'aappllee', 'content': '46台灣沒有進QQ不然我好喜歡白色那套啊！', 'ipdatetime': '02/24 00:46'}, {'type': '推', 'user': 'ponanchen', 'content': '這個好看！又性感', 'ipdatetime': '02/24 01:03'}, {'type': '推', 'user': 'purplecircle', 'content': '太性感了！身材超好', 'ipdatetime': '02/24 07:27'}, {'type': '推', 'user': 'kakukoi', 'content': '非常性感', 'ipdatetime': '02/24 07:28'}, {'type': '推', 'user': 'kiss377017', 'content': '漂亮', 'ipdatetime': '02/24 10:12'}, {'type': '推', 'user': 'justin61417', 'content': '超美 扯爆', 'ipdatetime': '02/24 10:48'}, {'type': '推', 'user': 'pchome0503', 'content': '抱歉 美的太不實際了XD', 'ipdatetime': '02/24 13:15'}, {'type': '推', 'user': 'sunnny', 'content': '22綠超美', 'ipdatetime': '02/24 13:50'}, {'type': '推', 'user': 'ie975249', 'content': '蠻美的', 'ipdatetime': '02/24 20:03'}, {'type': '推', 'user': 'PTJobKing', 'content': '真的很美', 'ipdatetime': '02/24 20:42'}, {'type': '推', 'user': 'sodahaini', 'content': '感覺被擠得很大力 很好奇舒適度', 'ipdatetime': '02/24 22:18'}, {'type': '推', 'user': 'mavis825', 'content': '22綠跟53黑好吸眼', 'ipdatetime': '02/25 10:17'}, {'type': '推', 'user': 'chienwei0825', 'content': '好好看 可是沒錢買這麼貴的給女友..', 'ipdatetime': '02/25 15:07'}, {'type': '推', 'user': 'metaphorist', 'content': '美翻了！！！', 'ipdatetime': '02/26 04:06'}, {'type': '→', 'user': 'standby', 'content': '很美!! 身材好羨慕QQ', 'ipdatetime': '02/26 11:50'}, {'type': '推', 'user': 'irenejain', 'content': '推suki大！你每次推薦的款式都好穿又好看！！！', 'ipdatetime': '02/26 22:19'}]",27,0,3,30,心得莎露貝殼杯三系列224653內衣品牌莎露Salute品名或型號224653心得以下依標題介紹大家可按照標題去看想看部分年份22系列2020春夏46系列2021春夏53系列2021秋冬名稱介紹莎露貝殼杯有個專屬名字frontXフロントX這是個日式英文是指在正面杯型設計低脊心讓胸部有很美溝這溝有如X般交叉在胸前數字系列別莎露每季一年兩季春夏amp秋冬都會出67款其中包含1較素面基本款0結尾2兩款頂級款2結尾店舖限定9結尾3也是鮮豔多彩刺繡款3結尾4還算鮮豔我不太會定義款6結尾5日本設計中國製作刺繡較不鮮豔7結尾數字結尾對應款式類型模式會變我猜大概是五年一輪像是過去五年頂級款是489結尾從2021秋冬開始反而變成29結尾杯型系列別每季每款基本上都是出最基本熱賣Pushup杯型再搭配每系列會附上額外一個兩個杯型額外杯型像是蝴蝶結杯型ribbonbra貝殼杯frontxrichveil杯背後袋改為全蕾絲僅限日本店鋪販售女優杯型中間脊心較高大罩杯款全罩並非每系列都會出其他杯型似乎是看設計而有所搭配通常是每季只會有一款以上提到額外杯型而幾乎每系列都是pushup這個經典杯型這是我個人觀察有誤也歡迎提出討論我以前都只買經典杯型pushup是某次心血來潮買了貝殼覺得不錯所以後來遇到喜歡設計時就會加減買進來我內衣介紹接下來就直接介紹這三系列了其實貝殼杯版型都是一模一樣只差在外型是否喜歡身為內衣狂熱者只要是遇到喜歡設計我都會找適當時機買下這三款每個都有出道四種顏色其中22我買過兩色46買了兩色53買了一色實品圖皆為網路上抓圖片aicomh87fQBYnoreferrernoopener_blankicomh87fQBYaaicomGKCj9noreferrernoopener_blankicomGKCj9aaicom6bY6cjKnoreferrernoopener_blankicom6bY6cjKa我實穿22紫穿著尺寸70E小丁MaicomjfkW4CQnoreferrernoopener_blankicomjfkW4CQaaicomp7dv93znoreferrernoopener_blankicomp7dv93zaaicomTnu05Pcnoreferrernoopener_blankicomTnu05Pca22綠穿著尺寸70E小丁MaicomKITUdkTnoreferrernoopener_blankicomKITUdkTaaicomWZsxBZznoreferrernoopener_blankicomWZsxBZza46白穿著尺寸70D小丁MaicomNKtGuwAnoreferrernoopener_blankicomNKtGuwAaaicomUN3QNhqnoreferrernoopener_blankicomUN3QNhqaaicomwQr3iK8noreferrernoopener_blankicomwQr3iK8aaicomLbi2jzInoreferrernoopener_blankicomLbi2jzIa46黑穿著尺寸70D小丁MaicomePWxdsqnoreferrernoopener_blankicomePWxdsqaaicomSwdgUACnoreferrernoopener_blankicomSwdgUACa53黑穿著尺寸70D小丁MaicomFAiBip3noreferrernoopener_blankicomFAiBip3aaicomp91LCrdnoreferrernoopener_blankicomp91LCrdaaicombBjlfKbnoreferrernoopener_blankicombBjlfKba舒服度舒服度是因人而異我自己則是穿了莎露Trefle日製內衣後就完全回不去台灣黛安芬華歌爾曼黛等高脅邊高背後緊緊內衣了莎露內衣就是厲害在設計美材質好低側邊可以不像穿著馬甲束縛卻能兼具好看舒服完全不刺癢特色戰鬥日常穿都適合穿起來感受跟台灣造溝紅牌Q可說是大相徑庭Q好看但是買過一次後我再也不買了穿起來非常不舒服硬不服貼只適合戰鬥用無法平日穿所以這就是為何很多人回不去台灣內衣原因但相對也反映在價格上關於這點就要買精買巧啦尺寸選擇櫃姐會建議要拿比平常莎露大一杯所以最初兩件我買了70E前兩套實穿看起來沒問題但實際上我覺得面積太大胸部兩側變得好寬面積大布料也讓我覺得好重所以下一件我試著買了跟平常一樣70D穿起來效果差不多大胸那邊很爆乳要把噴出來點點塞回去而整體罩杯面積較小也不會有側邊太寬問題所以呀貝殼杯還是建議大家去櫃上試試兩個尺碼選你比較喜歡穿著感購買方式價格莎露我幾乎都是日本樂天shirohato店鋪購買購買方式我網誌有寫當太晚買尺寸賣光時我才會到台灣櫃上買日本樂天shirohato價錢成套價大約2500台幣不含運費未使用折扣券情形內衣不含稅9000日幣內褲4750日幣台灣專櫃價格成套價大約5000多台幣內衣吊牌價4080台幣內褲18805000多是我扣掉櫃上應該會有折扣個人心得其實以前對貝殼杯是還好想說不用特別追求溝溝但因爲男友很愛貝殼杯所以我最近開始買比較多他本身是個莎露愛好者看到平常莎露就很興奮了而看到貝殼杯近乎抓狂再分享個小撇步貝殼杯儘量買深色再搭配大腿襪非常無敵男生會愛死但可不能天天這樣穿這樣會把對方胃口養大我一直以來心態都是買漂亮內衣是自己穿開心但老實説有個也熱愛內衣男友真棒超棒他會用很享受很激情眼神看著妳一邊看一邊說著好美再把頭一直埋在貝殼杯推出來溝前面狂吸狂親接著又是纏綿一夜啦先這樣大家也快去買貝殼杯掰掰,"['心得', '莎露', '貝殼杯', '三系列', '224653', '內衣', '品牌', '莎露', 'Salute', '品名', '或', '型號', '224653', '心得', '以下', '依標題', '介紹', '大家', '可', '按照', '標題', '去', '看', '想', '看部分', '年份', '22', '系列', '2020', '春夏', '46', '系列', '2021', '春夏', '53', '系列', '2021', '秋冬', '名稱', '介紹', '莎露', '貝殼', '杯', '有', '個', '專屬', '名字', 'frontX', 'フ', 'ロ', 'ン', 'ト', 'X', '這是', '個', '日式', '英文', '是', '指', '在', '正面', '杯型', '設計', '低', '脊心', '讓', '胸部', '有', '很美', '溝這溝', '有', '如', 'X', '般', '交叉', '在', '胸前', '數字系', '列別', '莎露', '每季', '一年', '兩', '季春', '夏', 'amp', '秋冬', '都', '會', '出', '67', '款', '其中', '包含', '1', '較素面', '基本', '款', '0', '結尾', '2', '兩款', '頂級款', '2', '結尾店', '舖', '限定', '9', '結尾', '3', '也', '是', '鮮', '豔', '多彩', '刺繡', '款', '3', '結尾', '4', '還算鮮', '豔', '我', '不太會', '定義', '款', '6', '結尾', '5', '日本', '設計', '中國', '製', '作', '刺繡', '較', '不鮮', '豔', '7', '結', '尾數', '字', '結尾', '對應', '款式類', '型模', '式', '會', '變', '我', '猜', '大概', '是', '五年', '一輪', '像是', '過去', '五年', '頂級款', '是', '489', '結尾', '從', '2021', '秋冬', '開始', '反而', '變成', '29', '結尾杯', '型', '系列別', '每季', '每款', '基本上', '都', '是', '出', '最', '基本', '熱賣', 'Pushup', '杯型', '再', '搭配', '每系', '列會', '附', '上額', '外', '一個', '兩個', '杯型', '額', '外杯', '型', '像是', '蝴蝶', '結杯', '型', 'ribbonbra', '貝殼', '杯', 'frontxrichveil', '杯', '背後袋', '改為', '全蕾絲', '僅限', '日本', '店鋪', '販售', '女優', '杯型', '中間', '脊心', '較', '高大罩', '杯款', '全罩', '並非', '每系列', '都', '會', '出', '其他', '杯型', '似乎', '是', '看', '設計', '而', '有', '所', '搭配', '通常', '是', '每季', '只會', '有', '一款', '以上', '提到', '額', '外杯', '型', '而', '幾乎', '每系列', '都', '是', 'pushup', '這個', '經典', '杯型', '這是', '我', '個人', '觀察有誤', '也', '歡迎', '提出', '討論', '我', '以前', '都', '只', '買', '經典', '杯型', 'pushup', '是', '某次', '心血來潮', '買', '了', '貝殼', '覺得', '不錯', '所以', '後來', '遇到', '喜歡', '設計時', '就', '會', '加減', '買', '進來', '我', '內衣', '介紹', '接', '下來', '就', '直接', '介紹', '這三系列', '了', '其實', '貝殼杯', '版型', '都', '是', '一模一樣', '只差', '在', '外型', '是否', '喜歡', '身為', '內衣', '狂熱者', '只要', '是', '遇到', '喜歡', '設計', '我', '都', '會', '找', '適當', '時機', '買', '下', '這', '三款', '每個', '都', '有', '出道', '四種', '顏色', '其中', '22', '我買過', '兩色', '46', '買', '了', '兩色', '53', '買', '了', '一色', '實品', '圖皆為', '網路', '上', '抓', '圖片', 'aicomh87fQBYnoreferrernoopener', '_', 'blankicomh87fQBYaaicomGKCj9noreferrernoopener', '_', 'blankicomGKCj9aaicom6bY6cjKnoreferrernoopener', '_', 'blankicom6bY6cjKa', '我實', '穿', '22', '紫穿', '著', '尺寸', '70E', '小丁', 'MaicomjfkW4CQnoreferrernoopener', '_', 'blankicomjfkW4CQaaicomp7dv93znoreferrernoopener', '_', 'blankicomp7dv93zaaicomTnu05Pcnoreferrernoopener', '_', 'blankicomTnu05Pca22', '綠穿', '著', '尺寸', '70E', '小丁', 'MaicomKITUdkTnoreferrernoopener', '_', 'blankicomKITUdkTaaicomWZsxBZznoreferrernoopener', '_', 'blankicomWZsxBZza46', '白穿', '著', '尺寸', '70D', '小丁', 'MaicomNKtGuwAnoreferrernoopener', '_', 'blankicomNKtGuwAaaicomUN3QNhqnoreferrernoopener', '_', 'blankicomUN3QNhqaaicomwQr3iK8noreferrernoopener', '_', 'blankicomwQr3iK8aaicomLbi2jzInoreferrernoopener', '_', 'blankicomLbi2jzIa46', '黑穿', '著', '尺寸', '70D', '小丁', 'MaicomePWxdsqnoreferrernoopener', '_', 'blankicomePWxdsqaaicomSwdgUACnoreferrernoopener', '_', 'blankicomSwdgUACa53', '黑穿', '著', '尺寸', '70D', '小丁', 'MaicomFAiBip3noreferrernoopener', '_', 'blankicomFAiBip3aaicomp91LCrdnoreferrernoopener', '_', 'blankicomp91LCrdaaicombBjlfKbnoreferrernoopener', '_', 'blankicombBjlfKba', '舒服度', '舒服度', '是', '因人而異', '我', '自己則', '是', '穿', '了', '莎露', 'Trefle', '日', '製', '內衣', '後', '就', '完全', '回不去', '台灣', '黛安芬華', '歌爾曼', '黛', '等', '高脅邊', '高', '背後緊', '緊', '內衣', '了', '莎露', '內衣', '就是', '厲害', '在', '設計', '美材質', '好', '低', '側邊', '可以', '不像', '穿', '著馬甲', '束縛', '卻', '能', '兼具', '好看', '舒服', '完全', '不', '刺癢', '特色', '戰鬥', '日常', '穿', '都', '適合', '穿', '起來', '感受', '跟', '台灣造', '溝紅牌', 'Q', '可說是', '大相徑庭', 'Q', '好看', '但是', '買過', '一次', '後', '我', '再也', '不買', '了', '穿', '起來', '非常', '不舒服', '硬', '不服', '貼', '只', '適合', '戰鬥', '用無法', '平日', '穿', '所以', '這', '就是', '為何', '很多', '人', '回不去', '台灣', '內衣', '原因', '但', '相', '對', '也', '反映', '在', '價格', '上關', '於', '這點', '就要', '買', '精買巧', '啦', '尺寸', '選擇', '櫃姐', '會', '建議', '要', '拿', '比', '平常', '莎露', '大', '一杯', '所以', '最初', '兩件', '我', '買', '了', '70E', '前', '兩套', '實穿', '看', '起來', '沒', '問題', '但', '實際上', '我覺', '得', '面積', '太大', '胸部', '兩側', '變得', '好', '寬', '面積', '大', '布料', '也', '讓', '我', '覺得', '好重', '所以', '下', '一件', '我試', '著', '買', '了', '跟', '平常', '一樣', '70D', '穿', '起來', '效果', '差不多', '大胸', '那邊', '很', '爆乳要', '把', '噴出', '來點', '點塞', '回去', '而', '整體', '罩', '杯', '面積', '較', '小', '也', '不會', '有', '側邊', '太寬', '問題', '所以', '呀', '貝殼杯', '還是', '建議', '大家', '去', '櫃上', '試試', '兩個', '尺碼', '選', '你', '比', '較', '喜歡', '穿著', '感購', '買方式', '價格', '莎露', '我', '幾乎', '都', '是', '日', '本樂天', 'shirohato', '店鋪', '購買購', '買方式', '我', '網誌', '有', '寫當', '太晚', '買', '尺寸', '賣光時', '我', '才', '會', '到', '台灣櫃', '上', '買', '日', '本樂天', 'shirohato', '價錢', '成套', '價', '大約', '2500', '台幣', '不', '含運費', '未', '使用', '折', '扣券', '情形', '內衣', '不含稅', '9000', '日幣', '內褲', '4750', '日幣', '台灣', '專櫃', '價格', '成套', '價', '大約', '5000', '多台', '幣', '內衣', '吊牌', '價', '4080', '台幣', '內褲', '18805000', '多', '是', '我', '扣掉', '櫃上', '應該', '會有', '折扣', '個人', '心得', '其實', '以前', '對貝殼', '杯', '是', '還好', '想', '說', '不用', '特別', '追求', '溝溝', '但', '因爲', '男友', '很', '愛貝殼', '杯', '所以', '我', '最近', '開始', '買', '比', '較', '多', '他', '本身', '是', '個', '莎露', '愛好者', '看到', '平常', '莎露', '就', '很', '興奮', '了', '而', '看', '到', '貝殼杯', '近乎', '抓狂', '再', '分享', '個', '小', '撇步', '貝殼', '杯', '儘量', '買', '深色', '再', '搭配', '大腿', '襪非', '常無敵', '男生會', '愛死', '但', '可', '不能', '天天', '這樣', '穿', '這樣', '會', '把', '對方', '胃口', '養大', '我', '一直', '以來', '心態', '都', '是', '買', '漂亮', '內衣', '是', '自己', '穿', '開心', '但', '老', '實', '説', '有', '個', '也', '熱', '愛', '內衣', '男友', '真棒', '超棒', '他', '會', '用', '很', '享受', '很', '激情', '眼神', '看', '著', '妳', '一邊', '看', '一邊', '說', '著', '好', '美', '再', '把頭', '一直', '埋', '在', '貝殼', '杯', '推', '出來', '溝', '前面', '狂吸', '狂親', '接著', '又', '是', '纏綿', '一夜', '啦', '先', '這樣', '大家', '也', '快', '去', '買', '貝殼', '杯', '掰', '掰']"
7,7,[贈送] 兩件肩帶可拆(E70&D75)內衣,2022-02-17 14:54:29,"

1. E70深藍色花邊肩帶可拆

<a href=""https://i.imgur.com/0Ep25Gm.jpg"" rel=""noreferrer noopener nofollow"" target=""_blank"">https://i.imgur.com/0Ep25Gm.jpg</a>

<a href=""https://i.imgur.com/VR2JMCo.jpg"" rel=""noreferrer noopener nofollow"" target=""_blank"">https://i.imgur.com/VR2JMCo.jpg</a>


2. D75深紫色肩帶可拆

<a href=""https://i.imgur.com/OO01w40.jpg"" rel=""noreferrer noopener nofollow"" target=""_blank"">https://i.imgur.com/OO01w40.jpg</a>

<a href=""https://i.imgur.com/I6RbHqt.jpg"" rel=""noreferrer noopener nofollow"" target=""_blank"">https://i.imgur.com/I6RbHqt.jpg</a>

這兩件是前幾年去泰國時購買，一直沒機會穿平口上衣搭配，希望有緣人帶走。
意者請來信，寄送方式限全家或7-11店到店，需負擔郵資60元。
謝謝!",贈送,underwear,M.1645080871.A.0BD,straygirl (流浪去~),(臺灣),0,[],0,0,0,0,贈送兩件肩帶可拆E70D75內衣1E70深藍色花邊肩帶可拆aicom0Ep25Gmnoreferrernoopener_blankicom0Ep25GmaaicomVR2JMConoreferrernoopener_blankicomVR2JMCoa2D75深紫色肩帶可拆aicomOO01w40noreferrernoopener_blankicomOO01w40aaicomI6RbHqtnoreferrernoopener_blankicomI6RbHqta這兩件是前幾年去泰國時購買一直沒機會穿平口上衣搭配希望有緣人帶走意者請來信寄送方式限全家或711店到店需負擔郵資60元謝謝,"['贈送', '兩件', '肩帶', '可', '拆', 'E70D75', '內衣', '1E70', '深藍色', '花邊', '肩帶', '可', '拆', 'aicom0Ep25Gmnoreferrernoopener', '_', 'blankicom0Ep25GmaaicomVR2JMConoreferrernoopener', '_', 'blankicomVR2JMCoa2D75', '深紫色', '肩帶', '可', '拆', 'aicomOO01w40noreferrernoopener', '_', 'blankicomOO01w40aaicomI6RbHqtnoreferrernoopener', '_', 'blankicomI6RbHqta', '這', '兩件', '是', '前', '幾年', '去', '泰國', '時購', '買', '一直', '沒機會', '穿', '平口', '上衣', '搭配', '希望', '有緣', '人', '帶走', '意者', '請', '來信', '寄送', '方式', '限', '全家', '或', '711', '店到', '店', '需', '負擔', '郵資', '60', '元', '謝謝']"
8,8,[問題] 黛安芬專櫃哪邊比較多運動內衣?,2022-02-13 13:44:10,"之前要不就穿硬鋼圈運動,要不就不穿內衣
前者很不舒服拉伸不開
後者覺得胸部很晃
想去買運動內衣
聽我表妹說黛安芬的不錯
我有去信義區的百貨公司試穿
覺得整體舒服很多
但問題是它只有一款
款式顏色都沒得選
另外我生理期的時候胸部會脹一點
現在試穿就已經快壓胸了
生理期前胸和腋下斜上會更繃
所以就想拿大一號的也試試看
(畢竟一件那麼貴,完全沒打折,尺寸試明白了再選比較恰當)
但已經沒有大一號尺寸可以試了

但我爬版看到之前好多網友分享,黛安芬櫃上很多運動內衣
我已經十幾年都沒去過黛安芬
不知道是不是黛安芬專櫃本身有區分
以內衣為主  和以運動內衣為主這樣?
還有一些市場裡的店面專櫃
會有運動內衣嗎?
太久沒逛街的女人很懵

ps.運動背心看起來也不錯
也有罩杯
然而我下胸圍太小,它沒有被扣可以調整
完全就空著晃蕩在那邊",問題,underwear,M.1644731052.A.983,endflower (endflower),(臺灣),8,"[{'type': '推', 'user': 'sunnny', 'content': 'sloggi會另外有櫃，可以問看看', 'ipdatetime': '02/14 01:07'}, {'type': '→', 'user': 'hsnufuji', 'content': '運動內衣我推運動品牌的', 'ipdatetime': '02/14 12:55'}, {'type': '→', 'user': 'fuuyoku', 'content': '近期去黛安芬櫃上運動內衣好像一般只放新款，特賣比較多', 'ipdatetime': '02/15 12:53'}, {'type': '推', 'user': 'fuuyoku', 'content': '百貨內sloggi跟黛安芬是分開的，一般門市黛/蕾/s都有', 'ipdatetime': '02/15 12:58'}, {'type': '推', 'user': 'sunnny', 'content': '百貨內黛和S會分開，而且有點還分很遠不會在隔壁，我第一', 'ipdatetime': '02/17 16:37'}, {'type': '→', 'user': 'sunnny', 'content': '次買S家跑去黛的櫃上，店員人很好還告訴我S櫃點在哪裡', 'ipdatetime': '02/17 16:38'}, {'type': '→', 'user': 'endflower', 'content': '真的,買不熟的內衣都會搞不清狀況,很多衣服也是同集團', 'ipdatetime': '02/18 17:47'}, {'type': '→', 'user': 'endflower', 'content': '不同櫃,有時候真的隔超遠~', 'ipdatetime': '02/18 17:48'}]",3,0,5,8,問題黛安芬專櫃哪邊比較多運動內衣之前要不就穿硬鋼圈運動要不就不穿內衣前者很不舒服拉伸不開後者覺得胸部很晃想去買運動內衣聽我表妹說黛安芬不錯我有去信義區百貨公司試穿覺得整體舒服很多但問題是它只有一款款式顏色都沒得選另外我生理期時候胸部會脹一點現在試穿就已經快壓胸了生理期前胸和腋下斜上會更繃所以就想拿大一號也試試看畢竟一件那麼貴完全沒打折尺寸試明白了再選比較恰當但已經沒有大一號尺寸可以試了但我爬版看到之前好多網友分享黛安芬櫃上很多運動內衣我已經十幾年都沒去過黛安芬不知道是不是黛安芬專櫃本身有區分以內衣為主和以運動內衣為主這樣還有一些市場裡店面專櫃會有運動內衣嗎太久沒逛街女人很懵ps運動背心看起來也不錯也有罩杯然而我下胸圍太小它沒有被扣可以調整完全就空著晃蕩在那邊,"['問題', '黛安芬', '專櫃', '哪邊', '比較', '多', '運動', '內衣', '之前', '要', '不', '就', '穿', '硬', '鋼圈', '運動', '要', '不', '就', '不', '穿', '內衣', '前者', '很不舒', '服拉伸', '不開', '後者', '覺得', '胸部', '很', '晃', '想', '去', '買', '運動', '內衣', '聽', '我表妹', '說', '黛安芬', '不錯', '我', '有', '去', '信義', '區百貨', '公司', '試穿', '覺得', '整體', '舒服', '很多', '但', '問題', '是', '它', '只有', '一款', '款式', '顏色', '都', '沒得選', '另外', '我', '生理期', '時候', '胸部會脹', '一點', '現在試', '穿', '就', '已經', '快壓', '胸', '了', '生理期', '前胸', '和', '腋下', '斜', '上會', '更', '繃', '所以', '就', '想', '拿', '大', '一號', '也', '試試', '看', '畢竟', '一件', '那麼', '貴', '完全', '沒', '打折', '尺寸', '試明白', '了', '再選', '比較', '恰當', '但', '已經', '沒有', '大', '一號', '尺寸', '可以', '試', '了', '但', '我', '爬', '版', '看', '到', '之前', '好多', '網友', '分享', '黛安芬', '櫃上', '很多', '運動', '內衣', '我', '已經', '十幾年', '都', '沒', '去過', '黛安芬', '不知', '道', '是', '不是', '黛安芬', '專櫃', '本身', '有', '區分', '以', '內衣', '為', '主和以', '運動', '內衣', '為主', '這樣', '還有', '一些', '市場', '裡', '店面', '專櫃', '會有', '運動', '內衣', '嗎', '太久', '沒逛', '街', '女人', '很', '懵', 'ps', '運動', '背心', '看', '起來', '也', '不錯', '也', '有', '罩', '杯然', '而', '我', '下', '胸圍', '太小', '它', '沒', '有', '被', '扣', '可以', '調整', '完全', '就', '空著晃', '蕩', '在', '那邊']"
9,9,Fw: [情報] 台北天絲寢具、Lady內衣特賣會,2022-02-11 22:17:47,"
作者: sisy1017 (西西) 看板: Actuary
標題: [情報] 台北天絲寢具、Lady內衣特賣會
時間: Fri Feb 11 22:17:33 2022

是否為店家分享文：是


店        家：多利寶寢具寢飾、Lady內衣


日 期／時 間：即日起~111/2/24 11：00~21：00


地        點：台北市內湖區內湖路一段318號（近捷運西湖站2號出口）


來源 or 網址：<a href=""https://reurl.cc/2DQ8Gn"" rel=""noreferrer noopener nofollow"" target=""_blank"">https://reurl.cc/2DQ8Gn</a>


內容 or 商品：

<a href=""https://pic.pimg.tw/sisy1017/1644457570-552627664-g.jpg"" rel=""noreferrer noopener nofollow"" target=""_blank"">https://pic.pimg.tw/sisy1017/1644457570-552627664-g.jpg</a>

<a href=""https://pic.pimg.tw/sisy1017/1626834127-956641223-g_n.jpg"" rel=""noreferrer noopener nofollow"" target=""_blank"">https://pic.pimg.tw/sisy1017/1626834127-956641223-g_n.jpg</a>

<a href=""https://pic.pimg.tw/sisy1017/1644462196-4289544284-g.jpg"" rel=""noreferrer noopener nofollow"" target=""_blank"">https://pic.pimg.tw/sisy1017/1644462196-4289544284-g.jpg</a>

<a href=""https://pic.pimg.tw/sisy1017/1644464523-309380358-g.jpg"" rel=""noreferrer noopener nofollow"" target=""_blank"">https://pic.pimg.tw/sisy1017/1644464523-309380358-g.jpg</a>

台北Lady內衣、多利寶寢飾大特價！

法式刺繡、皇室情人內衣、闇黑天使、X情人只要999元，

燦亮星影調整型買一送一、無鋼圈夢幻天使買二送一或買三送二、

當季正品、運動內衣滿3500元現折600，等同只要83折！，

現場還有塑衣999元、塑褲399元，

Lady精品內衣會員招募，現在加入Ocard會員就送刮刮卡集點，

點數還可抵購物金，

多利天絲床包二用被組2280元、純棉床包組899元，

頂級60支天絲床包二用被組3680元、

100％純羊毛被1980元、二件3200元、

記憶枕、乳膠枕990元買一送一、

兒童睡袋1480元、兒童乳膠枕399元，

真的超好買！",情報,underwear,M.1644589068.A.AB5,sisy1017 (西西),(臺灣),0,[],0,0,0,0,Fw情報台北天絲寢具Lady內衣特賣會作者sisy1017西西Actuary標題情報台北天絲寢具Lady內衣特賣會FriFeb112217332022是否為店家分享文是店家多利寶寢具寢飾Lady內衣日期／時間即日起11122411002100地點台北市內湖區內湖路一段318號近捷運西湖站2號出口來源or網址areurlcc2DQ8Gnnoreferrernoopener_blankreurlcc2DQ8Gna內容or商品apicpimgtwsisy10171644457570552627664gnoreferrernoopener_blankpicpimgtwsisy10171644457570552627664gaapicpimgtwsisy10171626834127956641223g_nnoreferrernoopener_blankpicpimgtwsisy10171626834127956641223g_naapicpimgtwsisy101716444621964289544284gnoreferrernoopener_blankpicpimgtwsisy101716444621964289544284gaapicpimgtwsisy10171644464523309380358gnoreferrernoopener_blankpicpimgtwsisy10171644464523309380358ga台北Lady內衣多利寶寢飾大特價法式刺繡皇室情人內衣闇黑天使X情人只要999元燦亮星影調整型買一送一無鋼圈夢幻天使買二送一或買三送二當季正品運動內衣滿3500元現折600等同只要83折現場還有塑衣999元塑褲399元Lady精品內衣會員招募現在加入Ocard會員就送刮刮卡集點點數還可抵購物金多利天絲床包二用被組2280元純棉床包組899元頂級60支天絲床包二用被組3680元100純羊毛被1980元二件3200元記憶枕乳膠枕990元買一送一兒童睡袋1480元兒童乳膠枕399元真超好買,"['Fw', '情報', '台北', '天絲', '寢具', 'Lady', '內衣', '特賣會', '作者', 'sisy1017', '西西', 'Actuary', '標題', '情報', '台北', '天絲', '寢具', 'Lady', '內衣', '特賣會', 'FriFeb112217332022', '是', '否為', '店家', '分享', '文是', '店家', '多利', '寶', '寢具', '寢飾', 'Lady', '內衣', '日期', '／', '時間', '即日起', '11122411002100', '地點', '台北市', '內湖區', '內湖', '路', '一段', '318', '號近', '捷運西', '湖站', '2', '號', '出口', '來源', 'or', '網址', 'areurlcc2DQ8Gnnoreferrernoopener', '_', 'blankreurlcc2DQ8Gna', '內容', 'or', '商品', 'apicpimgtwsisy10171644457570552627664gnoreferrernoopener', '_', 'blankpicpimgtwsisy10171644457570552627664gaapicpimgtwsisy10171626834127956641223g', '_', 'nnoreferrernoopener', '_', 'blankpicpimgtwsisy10171626834127956641223g', '_', 'naapicpimgtwsisy101716444621964289544284gnoreferrernoopener', '_', 'blankpicpimgtwsisy101716444621964289544284gaapicpimgtwsisy10171644464523309380358gnoreferrernoopener', '_', 'blankpicpimgtwsisy10171644464523309380358ga', '台北', 'Lady', '內衣', '多利', '寶寢飾', '大特價', '法式', '刺繡', '皇室', '情人', '內衣', '闇', '黑', '天使', 'X', '情人', '只要', '999', '元燦亮', '星', '影調', '整型', '買', '一送', '一無鋼', '圈', '夢幻天使', '買二送', '一', '或', '買', '三', '送', '二', '當季', '正品', '運動', '內衣', '滿', '3500', '元現', '折', '600', '等', '同', '只要', '83', '折', '現場', '還有', '塑衣', '999', '元塑褲', '399', '元', 'Lady', '精品', '內衣', '會員招', '募現', '在', '加入', 'Ocard', '會員', '就', '送', '刮刮卡', '集點', '點數', '還可', '抵購', '物金', '多利', '天絲床', '包', '二用', '被', '組', '2280', '元純', '棉床', '包組', '899', '元', '頂級', '60', '支天', '絲床', '包', '二用', '被', '組', '3680', '元', '100', '純羊', '毛', '被', '1980', '元', '二件', '3200', '元', '記憶', '枕', '乳膠', '枕', '990', '元買', '一送', '一', '兒童', '睡袋', '1480', '元', '兒童', '乳膠', '枕', '399', '元真', '超好', '買']"
10,10,[問題] 復古蕾絲馬甲,2022-02-10 22:44:56,"<span class=""hl"">看了下女的誘惑
</span><span class=""hl"">裡面的服裝真的美
</span><span class=""hl"">其中ㄧ幕兩人互幫脫馬甲
</span><span class=""hl"">那種蕾絲馬甲正是我心目中尋尋覓覓的款式
</span><span class=""hl"">如果有人知道哪裡有賣類似款式
</span><span class=""hl"">懇請賜我連結
</span><span class=""hl"">感謝
</span><span class=""hl"">
</span><span class=""hl""><a href=""https://i.imgur.com/BvJjYtb.jpg"" rel=""noreferrer noopener nofollow"" target=""_blank"">https://i.imgur.com/BvJjYtb.jpg</a>
</span><span class=""hl""><a href=""https://i.imgur.com/1lzw3xc.jpg"" rel=""noreferrer noopener nofollow"" target=""_blank"">https://i.imgur.com/1lzw3xc.jpg</a>
</span><a href=""https://i.imgur.com/UsuYtNZ.jpg"" rel=""noreferrer noopener nofollow"" target=""_blank""><span class=""hl"">https://i.imgur.com/UsuYtNZ.jpg</span></a>",問題,underwear,M.1644504298.A.1F6,emt189 (kate),(臺灣),10,"[{'type': '推', 'user': 'ruriko30y', 'content': '關鍵字是corset，日文是コルセット，我買過日本洋裝品', 'ipdatetime': '02/11 00:27'}, {'type': '→', 'user': 'ruriko30y', 'content': '牌的馬甲，布料加魚骨鋼板前扣真的很重', 'ipdatetime': '02/11 00:27'}, {'type': '推', 'user': 'ie975249', 'content': 'https://reurl.cc/Wk06AL', 'ipdatetime': '02/11 08:46'}, {'type': '→', 'user': 'ie975249', 'content': 'https://reurl.cc/e6MRMx', 'ipdatetime': '02/11 08:46'}, {'type': '→', 'user': 'ie975249', 'content': '附兩個淘寶的給你，關鍵字下宮廷馬甲比較會是你要的，不', 'ipdatetime': '02/11 08:47'}, {'type': '→', 'user': 'ie975249', 'content': '過，這種綁帶的馬甲，如果又有塑身效果的，比較沒彈性，', 'ipdatetime': '02/11 08:48'}, {'type': '→', 'user': 'ie975249', 'content': '魚骨也會比較多，穿起來很不舒服，蠻虐的，所以有時候會', 'ipdatetime': '02/11 08:49'}, {'type': '→', 'user': 'ie975249', 'content': '在 SM 的分類底下看到。', 'ipdatetime': '02/11 08:50'}, {'type': '推', 'user': 'boozycat', 'content': '俄羅斯烏克蘭那邊手工訂製的獨立品牌馬甲蠻多家的，可以', 'ipdatetime': '02/27 08:24'}, {'type': '→', 'user': 'boozycat', 'content': '去ig或Etsy逛逛詢問賣家', 'ipdatetime': '02/27 08:24'}]",3,0,7,10,問題復古蕾絲馬甲看了下女誘惑裡面服裝真美其中ㄧ幕兩人互幫脫馬甲那種蕾絲馬甲正是我心目中尋尋覓覓款式如果有人知道哪裡有賣類似款式懇請賜我連結感謝aicomBvJjYtbnoreferrernoopener_blankicomBvJjYtbaaicom1lzw3xcnoreferrernoopener_blankicom1lzw3xcaaicomUsuYtNZnoreferrernoopener_blankicomUsuYtNZa,"['問題', '復古', '蕾', '絲馬甲', '看', '了', '下', '女', '誘惑裡面', '服裝', '真美', '其中', 'ㄧ', '幕', '兩人', '互幫', '脫馬甲', '那', '種蕾', '絲馬甲', '正', '是', '我', '心目', '中', '尋尋覓覓', '款式', '如果', '有人', '知道', '哪裡', '有', '賣類', '似款', '式', '懇請', '賜', '我', '連結', '感謝', 'aicomBvJjYtbnoreferrernoopener', '_', 'blankicomBvJjYtbaaicom1lzw3xcnoreferrernoopener', '_', 'blankicom1lzw3xcaaicomUsuYtNZnoreferrernoopener', '_', 'blankicomUsuYtNZa']"
11,11,[問題] 想問大家有買過Ladyme的內衣嗎,2022-02-05 20:49:22,"最近過年想買新內衣
看到Facebook會呼吸的內衣 Ladyme蠻心動的
但本人是大D小E不知道會不會不好穿
請大家給予心得
感謝",問題,underwear,M.1644065364.A.A41,fenny9494 (擁抱自由),(臺灣),6,"[{'type': '→', 'user': 'rerun', 'content': '今天在等公車時看到車廂外廣告', 'ipdatetime': '02/10 21:14'}, {'type': '推', 'user': 'elsa09', 'content': '個人覺得包覆集中，但四排扣不太習慣，穿久些許難呼吸', 'ipdatetime': '02/12 19:31'}, {'type': '推', 'user': 'j326', 'content': '穿一個月目前都覺得包覆集中，無鋼圈這樣真的滿厲害，不會有', 'ipdatetime': '02/17 02:14'}, {'type': '→', 'user': 'j326', 'content': '樓上覺得難呼吸的感覺，建議可以的話去試穿比較準', 'ipdatetime': '02/17 02:14'}, {'type': '→', 'user': 'imfox', 'content': '建議去門市試穿，自己也是大D小E試穿覺得副乳不夠包覆，因', 'ipdatetime': '02/21 00:26'}, {'type': '→', 'user': 'imfox', 'content': '強調集中，覺得乳溝集中的不好看，畢竟無鋼圈很看版型胸型', 'ipdatetime': '02/21 00:28'}]",2,0,4,6,問題想問大家有買過Ladyme內衣嗎最近過年想買新內衣看到Facebook會呼吸內衣Ladyme蠻心動但本人是大D小E不知道會不會不好穿請大家給予心得感謝,"['問題', '想問', '大家', '有買過', 'Ladyme', '內衣', '嗎', '最近', '過年', '想買', '新', '內衣', '看到', 'Facebook', '會', '呼吸', '內衣', 'Ladyme', '蠻', '心動', '但本', '人', '是', '大', 'D', '小', 'E', '不知', '道會', '不會', '不好', '穿', '請', '大家', '給予', '心得', '感謝']"
12,12,[問題] 上緣翹翹的,2022-02-05 16:45:57,"先祝各位新年快樂~~~

內衣上緣微微的外翻 穿衣服都會有內衣痕
覺得不太雅觀@@
板上有人問一樣的問題
雖然照著那篇的推文做了 但還是沒有改善QQ
不曉得還有沒有什麼好辦法呢？
謝謝各位",問題,underwear,M.1644050759.A.91C,shots (LMFAO),(臺灣),5,"[{'type': '推', 'user': 'thefirstskyt', 'content': '換內衣 跟版型有關', 'ipdatetime': '02/05 22:09'}, {'type': '→', 'user': 'higoodman', 'content': '會翹的放著冬天衣服比較多層時再穿，先換適合的', 'ipdatetime': '02/06 10:12'}, {'type': '→', 'user': 'hsnufuji', 'content': '那不就是變形要淘汰了嗎', 'ipdatetime': '02/06 15:21'}, {'type': '推', 'user': 'AIR28P', 'content': '我也覺得是版型問題！', 'ipdatetime': '02/07 12:04'}, {'type': '→', 'user': 'AIR28P', 'content': '如果每一件都是這樣，會不會是太用力洗內衣導致？', 'ipdatetime': '02/07 12:05'}]",2,0,3,5,問題上緣翹翹先祝各位新年快樂內衣上緣微微外翻穿衣服都會有內衣痕覺得不太雅觀板上有人問一樣問題雖然照著那篇推文做了但還是沒有改善不曉得還有沒有什麼好辦法呢謝謝各位,"['問題', '上緣', '翹', '翹', '先祝', '各位', '新年', '快樂', '內衣', '上緣', '微微', '外翻', '穿衣服', '都', '會', '有', '內衣', '痕覺', '得', '不太雅', '觀板', '上有', '人問', '一樣', '問題', '雖然', '照著', '那篇', '推文', '做', '了', '但', '還是', '沒有', '改善', '不曉', '得', '還有', '沒有', '什麼', '好辦', '法', '呢', '謝謝', '各位']"
13,13,[贈送] Easy Shop 無鋼圈內衣70D,2022-02-03 10:29:28,"<a href=""https://i.imgur.com/SOFv3em.jpg"" rel=""noreferrer noopener nofollow"" target=""_blank"">https://i.imgur.com/SOFv3em.jpg</a>

皆為三排三段扣

因穿不習慣故希望能轉贈給有需要的人：）

請來信出示穿著尺寸證明以及想索取的內衣

若來信眾多則恕不一一回信

寄送方式限全家店到店，需自行支付$60運費",贈送,underwear,M.1643855370.A.C33,claireiro69 (Clara),(臺灣),0,[],0,0,0,0,贈送EasyShop無鋼圈內衣70DaicomSOFv3emnoreferrernoopener_blankicomSOFv3ema皆為三排三段扣因穿不習慣故希望能轉贈給有需要人請來信出示穿著尺寸證明以及想索取內衣若來信眾多則恕不一一回信寄送方式限全家店到店需自行支付60運費,"['贈送', 'EasyShop', '無鋼圈', '內衣', '70DaicomSOFv3emnoreferrernoopener', '_', 'blankicomSOFv3ema', '皆', '為', '三排', '三段', '扣因', '穿', '不', '習慣', '故', '希望', '能轉', '贈給', '有', '需要', '人', '請', '來信', '出示', '穿著', '尺寸', '證明', '以及', '想索取', '內衣', '若', '來信', '眾', '多則', '恕', '不', '一一', '回信', '寄送', '方式', '限', '全家', '店到', '店', '需自行', '支付', '60', '運費']"
14,14,Fw: [情報] 台北松江路曼黛瑪璉內衣特賣~2件900元,2022-02-03 00:48:13,"
作者: sisy1017 (西西) 看板: Actuary
標題: [情報] 台北松江路曼黛瑪璉內衣特賣~2件900元
時間: Thu Feb  3 00:47:15 2022

是否為店家分享文：是


店        家：曼黛瑪璉內衣


日 期／時 間：即日起~111/2/28 11：00~21：00


地        點：台北市中山區松江路187號（捷運行天宮站1號出口）


來源 or 網址：<a href=""https://reurl.cc/rQvknE"" rel=""noreferrer noopener nofollow"" target=""_blank"">https://reurl.cc/rQvknE</a>


內容 or 商品：

<a href=""https://pic.pimg.tw/sisy1017/1642077400-4249507505-g_n.jpg"" rel=""noreferrer noopener nofollow"" target=""_blank"">https://pic.pimg.tw/sisy1017/1642077400-4249507505-g_n.jpg</a>

<a href=""https://pic.pimg.tw/sisy1017/1632627239-3041132372-g.jpg"" rel=""noreferrer noopener nofollow"" target=""_blank"">https://pic.pimg.tw/sisy1017/1632627239-3041132372-g.jpg</a>

<a href=""https://pic.pimg.tw/sisy1017/1642087380-2708514692-g.jpg"" rel=""noreferrer noopener nofollow"" target=""_blank"">https://pic.pimg.tw/sisy1017/1642087380-2708514692-g.jpg</a>

<a href=""https://pic.pimg.tw/sisy1017/1643792947-149728457-g.jpg"" rel=""noreferrer noopener nofollow"" target=""_blank"">https://pic.pimg.tw/sisy1017/1643792947-149728457-g.jpg</a>

曼黛瑪璉內衣特賣來囉！

Hibra、雙弧、無鋼圈內衣特價2件900元、小褲6件1000元！

暢銷組內衣1套960元、2套1680元！

熱賣組正品降價2套2080元，

新上市運動內衣、當季正品8折，滿萬75折！

滿額再送好禮！

也可用紙本五倍券！",情報,underwear,M.1643820494.A.7A0,sisy1017 (西西),(臺灣),0,[],0,0,0,0,Fw情報台北松江路曼黛瑪璉內衣特賣2件900元作者sisy1017西西Actuary標題情報台北松江路曼黛瑪璉內衣特賣2件900元ThuFeb30047152022是否為店家分享文是店家曼黛瑪璉內衣日期／時間即日起11122811002100地點台北市中山區松江路187號捷運行天宮站1號出口來源or網址areurlccrQvknEnoreferrernoopener_blankreurlccrQvknEa內容or商品apicpimgtwsisy101716420774004249507505g_nnoreferrernoopener_blankpicpimgtwsisy101716420774004249507505g_naapicpimgtwsisy101716326272393041132372gnoreferrernoopener_blankpicpimgtwsisy101716326272393041132372gaapicpimgtwsisy101716420873802708514692gnoreferrernoopener_blankpicpimgtwsisy101716420873802708514692gaapicpimgtwsisy10171643792947149728457gnoreferrernoopener_blankpicpimgtwsisy10171643792947149728457ga曼黛瑪璉內衣特賣來囉Hibra雙弧無鋼圈內衣特價2件900元小褲6件1000元暢銷組內衣1套960元2套1680元熱賣組正品降價2套2080元新上市運動內衣當季正品8折滿萬75折滿額再送好禮也可用紙本五倍券,"['Fw', '情報', '台北', '松江路', '曼黛瑪璉', '內衣', '特賣', '2', '件', '900', '元', '作者', 'sisy1017', '西西', 'Actuary', '標題', '情報', '台北', '松江路', '曼黛瑪璉', '內衣', '特賣', '2', '件', '900', '元', 'ThuFeb30047152022', '是', '否為', '店家', '分享', '文是', '店家', '曼黛瑪璉', '內衣', '日期', '／', '時間', '即日起', '11122811002100', '地點', '台北市', '中', '山區', '松江路', '187', '號捷', '運行', '天宮', '站', '1', '號', '出口', '來源', 'or', '網址', 'areurlccrQvknEnoreferrernoopener', '_', 'blankreurlccrQvknEa', '內容', 'or', '商品', 'apicpimgtwsisy101716420774004249507505g', '_', 'nnoreferrernoopener', '_', 'blankpicpimgtwsisy101716420774004249507505g', '_', 'naapicpimgtwsisy101716326272393041132372gnoreferrernoopener', '_', 'blankpicpimgtwsisy101716326272393041132372gaapicpimgtwsisy101716420873802708514692gnoreferrernoopener', '_', 'blankpicpimgtwsisy101716420873802708514692gaapicpimgtwsisy10171643792947149728457gnoreferrernoopener', '_', 'blankpicpimgtwsisy10171643792947149728457ga', '曼黛瑪璉', '內衣', '特賣', '來', '囉', 'Hibra', '雙弧', '無', '鋼圈', '內衣', '特價', '2', '件', '900', '元小褲', '6', '件', '1000', '元暢', '銷組', '內衣', '1', '套', '960', '元', '2', '套', '1680', '元熱賣', '組正品', '降價', '2', '套', '2080', '元新上', '市運', '動', '內衣', '當季', '正品', '8', '折滿', '萬', '75', '折滿額', '再', '送', '好禮', '也', '可用', '紙本', '五倍', '券']"
15,15,[贈送] 束褲,2022-01-30 00:50:34,"
已剪標下水的未穿束褲
記得是百貨公司華歌爾貨
為了節食買的
卻一直想等下次再節食
到後來已穿不下就放著
過年清衣櫃
腰圍27公分
<a href=""https://i.imgur.com/rhLpQak.jpg"" rel=""noreferrer noopener nofollow"" target=""_blank"">https://i.imgur.com/rhLpQak.jpg</a>

<a href=""https://i.imgur.com/pt45166.jpg"" rel=""noreferrer noopener nofollow"" target=""_blank"">https://i.imgur.com/pt45166.jpg</a>

7-11店到店60贈送",贈送,underwear,M.1643475036.A.AEC,SophiaH (Sophia),(臺灣),3,"[{'type': '推', 'user': 'ie975249', 'content': '推好心，雖然是華歌爾，不過看起來像是思薇爾', 'ipdatetime': '01/31 02:27'}, {'type': '→', 'user': 'SophiaH', 'content': '不是喔, 可能因為我拆了腰圍頂端的蝴蝶珠飾 拿去做別的', 'ipdatetime': '01/31 08:53'}, {'type': '→', 'user': 'SophiaH', 'content': '手作', 'ipdatetime': '01/31 08:54'}]",1,0,2,3,贈送束褲已剪標下水未穿束褲記得是百貨公司華歌爾貨為了節食買卻一直想等下次再節食到後來已穿不下就放著過年清衣櫃腰圍27公分aicomrhLpQaknoreferrernoopener_blankicomrhLpQakaaicompt45166noreferrernoopener_blankicompt45166a711店到店60贈送,"['贈送束', '褲', '已', '剪標', '下水', '未', '穿束', '褲記', '得', '是', '百貨', '公司', '華歌爾貨', '為', '了', '節食', '買', '卻', '一直', '想', '等', '下次', '再節', '食到', '後來', '已', '穿', '不下', '就', '放著過', '年', '清衣櫃', '腰圍', '27', '公分', 'aicomrhLpQaknoreferrernoopener', '_', 'blankicomrhLpQakaaicompt45166noreferrernoopener', '_', 'blankicompt45166a711', '店到', '店', '60', '贈送']"
16,16,[心得] aubade數套分享及馬甲修改資訊,2022-01-29 23:53:34,"內衣品牌：aubade

品名或型號：
1.aubade 激情夜曲
2.aubade 傾心
3. aubade 激情女人
4.aubade 夏日浪漫

前情提要：
數年前踏入無襯內衣懷抱後，就再也穿不回有襯內衣了
版上熱推的Chantelle、Simone P廨鋩e、Passionata、Chantal Thomass都曾跟風買過
其中，最喜歡的是Simone P廨鋩e
雖然它的設計素雅大方、無特別出挑的刺繡配色
但材質的舒適度卻是其他家無法比的
特別親膚柔軟，缺點是較不耐穿容易鬆
瘦身成功後
覺得胸部脂肪不夠豐滿穿Simone P廨鋩e顯得不夠挺
這次目光被aubade吸引
在百貨公司試穿了傾心1/2杯無襯款式
被那精緻刺繡圖案整個收服了
而且蕾絲比較硬挺、顯得胸部線條更為飽滿
但是百貨的價格實在讓人無法下手
碰巧，p大分享了台中新光三越aubade特賣會資訊
收了激情夜曲、浪漫的女人兩套
後又遇到k大分享的Aubade年度特賣會
忍不住又跟朋友衝了
一踏進特賣會，一眼就瞧上了掛在牆上每日一物－激情夜曲馬甲
銷售小姐很熱情，說剛好是我的替代尺碼
很多人想要都無法穿，要我千萬別錯過了
剛好我在上一場特賣會買了該款配褲
就這樣990元入手了原價一萬初的馬甲

本人資訊：各品牌無襯內衣都穿85Ｃ/XS配褲

以下有試穿照 、防雷





















………………………………………………………………………………………………………
………………………………………

1.激情夜曲馬甲90B/XS三角配褲
   試穿心得：
   罩杯部分是剛好的，可以裝滿。但是扣至最裡格，馬甲的腰身部份卻非常寬鬆。
   在試穿間隨手拍的照片有點糊請見諒：
   <a href=""https://imgur.com/a/oZMqqj8.jpg"" rel=""noreferrer noopener nofollow"" target=""_blank"">https://imgur.com/a/oZMqqj8.jpg</a>
   因為要修改的部份不少，門市小姐也無法確定是否能順利改好
   推薦一間合作的修改師傅，要我直接前去給師傅看看怎麽改較合適
   師傅看了後，說一般都從兩側改
   但這件馬甲腰側下方都是蕾絲（下圖綠框處）
   <a href=""https://imgur.com/a/Ru6VuQQ.jpg"" rel=""noreferrer noopener nofollow"" target=""_blank"">https://imgur.com/a/Ru6VuQQ.jpg</a>
   若這樣改了就無法對花，相當可惜
   建議從後面扣子部分改，只是這樣修改幅度不能太多
   不然布料會皺縮，無法平整
   馬甲都買了，也只能嘗試修改看看囉
   為了穿脫方便，請師傅直接把三排扣給改為拉鍊
   隔一週去取，雖然還是有點寬鬆
   但已經可以穿搭在衣服裡不會向外衣一樣垮垮地
   <a href=""https://imgur.com/a/dz2623D.jpg"" rel=""noreferrer noopener nofollow"" target=""_blank"">https://imgur.com/a/dz2623D.jpg</a>
   背後黑色拉鍊很隱形、因為不是很緊身所以可以反手拉上拉鍊很方便
   <a href=""https://imgur.com/a/vSBbvMv.jpg"" rel=""noreferrer noopener nofollow"" target=""_blank"">https://imgur.com/a/vSBbvMv.jpg</a>
   搭上同款配褲
   <a href=""https://imgur.com/a/ooW6vLC.jpg"" rel=""noreferrer noopener nofollow"" target=""_blank"">https://imgur.com/a/ooW6vLC.jpg</a>
   背面長這樣，可以看出腰身部分有修改內縮
   <a href=""https://imgur.com/a/nGnIjQD.jpg"" rel=""noreferrer noopener nofollow"" target=""_blank"">https://imgur.com/a/nGnIjQD.jpg</a>
   修改費用共250元＋990元共1240元
   馬甲牌價12800，不到一折就入手，覺得非常值得
   只是吊帶不可拆，平常也不會穿大腿襪
   不知道大家會想剪掉還是就這樣掛著？

２. 傾心無襯內衣85C/XS三角配褲
   在百貨試穿後念念不忘
   但DD網站偏偏沒有XS配褲
   有事沒事一直狂刷網站，終於12月中補貨了
   12/20下單，選擇最便宜的郵政
   今年01/12就收到囉
   外面是紙箱，內裡是品牌小盒裝
   <a href=""https://imgur.com/a/MUiVSrq.jpg"" rel=""noreferrer noopener nofollow"" target=""_blank"">https://imgur.com/a/MUiVSrq.jpg</a>
   實物照
   <a href=""https://imgur.com/a/I3X5hsm.jpg"" rel=""noreferrer noopener nofollow"" target=""_blank"">https://imgur.com/a/I3X5hsm.jpg</a>
   令人一見傾心的精美刺繡、非常華麗唯美
   <a href=""https://imgur.com/a/ByzyaFx.jpg"" rel=""noreferrer noopener nofollow"" target=""_blank"">https://imgur.com/a/ByzyaFx.jpg</a>
   背部有可拆的裝飾、搭配露背裝會很吸睛
   <a href=""https://imgur.com/a/ILmRGv5"" rel=""noreferrer noopener nofollow"" target=""_blank"">https://imgur.com/a/ILmRGv5</a>
   拍不出實品的美，借用官網模特照給大家欣賞
   <a href=""https://imgur.com/a/h4SiTo9.jpg"" rel=""noreferrer noopener nofollow"" target=""_blank"">https://imgur.com/a/h4SiTo9.jpg</a>
 <a href=""https://imgur.com/a/b0fJJOL.jpg"" rel=""noreferrer noopener nofollow"" target=""_blank"">https://imgur.com/a/b0fJJOL.jpg</a>

3.激情女人蕾絲薄襯內衣85C /XS蕾絲平口褲
   跟上一套一樣在DD網站購入
   原本是為了分攤國際運費買的
   但實際試穿後卻非常襯膚、讓人驚艷
   剛好友人想看實穿照就隨手拍了幾張
   <a href=""https://imgur.com/a/bHYBo6l.jpg"" rel=""noreferrer noopener nofollow"" target=""_blank"">https://imgur.com/a/bHYBo6l.jpg</a>
   aubade的剪裁特別適合我這樣上胸無肉的人
   修飾的渾圓飽滿、完全不會空杯
   <a href=""https://imgur.com/a/DAUdUtS.jpg"" rel=""noreferrer noopener nofollow"" target=""_blank"">https://imgur.com/a/DAUdUtS.jpg</a>
   美中不足的是配褲後面縫線處太突出（紅框處）、穿起來有點癢
   <a href=""https://imgur.com/a/T5aFp47.jpg"" rel=""noreferrer noopener nofollow"" target=""_blank"">https://imgur.com/a/T5aFp47.jpg</a>
   但還是不減我對他的喜愛（眼冒愛心）

４.夏日浪漫薄襯1/2罩杯85C/XS蕾絲三角褲
   aubade年度特賣３套３折購入
   成套控難得在特賣會可以找到配褲，一定要入手
   膚色底搭上亮麗的紫紅色、非常有春天絢麗的感覺
   <a href=""https://imgur.com/a/h73dw4q.jpg"" rel=""noreferrer noopener nofollow"" target=""_blank"">https://imgur.com/a/h73dw4q.jpg</a>
   瞧瞧配褲背面那繁花似錦的刺繡、還有招牌小蝶結
   <a href=""https://imgur.com/a/sCwoFXf.jpg"" rel=""noreferrer noopener nofollow"" target=""_blank"">https://imgur.com/a/sCwoFXf.jpg</a>
   正面有著A牌常見的交叉緞帶
   <a href=""https://imgur.com/a/qYgZnhm.jpg"" rel=""noreferrer noopener nofollow"" target=""_blank"">https://imgur.com/a/qYgZnhm.jpg</a>
   配褲半透膚顯得很性感
   <a href=""https://imgur.com/a/1wOluB3.jpg"" rel=""noreferrer noopener nofollow"" target=""_blank"">https://imgur.com/a/1wOluB3.jpg</a>

結尾：
1.價位
特賣會３件３折、DD網站５折購入
夏日浪漫成套是2988元
傾心成套折合台幣（運費兩套均攤）2833元是台灣定價2.23折
激情女人成套折合台幣（運費兩套均攤）2465元是台灣定價2.2折
相較之下，DD網站五折有自己尺碼是非常值得入手的
不過，特賣會每日一物990元馬甲更是低於１折
所以台灣特賣會時間地點允許的話還是很推薦去淘寶

2.舒適度
aubade相較之前慣穿的Simone P廨鋩e更硬挺
網紗部分的親膚柔軟度沒那麼好
有些縫線過粗的地方也會顯得略微刺癢
繁複的刺繡雖然美但也更容易有搔癢感（很輕微幾乎不影響）

3.美觀度
1/2無襯部分：
aubade跟Chantelle一樣，穿起來都顯得渾圓立體、不擠肉也不空杯（兩品牌都穿同樣尺
碼）
水滴杯部分：
aubade貼合胸型不會空杯，但Simone P廨鋩e水滴杯則會有點空（兩品牌都穿同樣尺碼）
A牌刺繡最多樣、配色大膽活潑更合我胃口


以上分享給還不熟悉aubade的人參考，去了兩次Ａ牌特賣會都不如他牌特賣會人潮眾多
尺寸部分建議還是先到百貨試穿，大部分特賣會都是不能試穿的
若需要馬甲修改師傅聯絡方式歡迎站內信～",心得,underwear,M.1643471616.A.FC1,yzzi1159 (yzzi1159),(臺灣),6,"[{'type': '推', 'user': 'Fantasyweed', 'content': '馬甲好美啊啊啊！！！！！！', 'ipdatetime': '01/30 00:49'}, {'type': '推', 'user': 'Obiwan', 'content': '原來是你買走馬甲的，真羨慕！我們去的時候已經賣掉了', 'ipdatetime': '01/30 13:12'}, {'type': '推', 'user': 'Jyang', 'content': '感謝分享，很性感，這戰鬥服無誤啊！', 'ipdatetime': '01/30 13:20'}, {'type': '推', 'user': 'riesz0505', 'content': '上胸無肉很挑內衣QQ 妳穿起來都好好看，有燒～', 'ipdatetime': '01/31 07:52'}, {'type': '→', 'user': 'a127871465', 'content': '馬甲那個當初在DD買真的是貴...', 'ipdatetime': '02/03 00:32'}, {'type': '推', 'user': 'diablohinet', 'content': '好看推', 'ipdatetime': '02/12 06:59'}]",5,0,1,6,心得aubade數套分享及馬甲修改資訊內衣品牌aubade品名或型號1aubade激情夜曲2aubade傾心3aubade激情女人4aubade夏日浪漫前情提要數年前踏入無襯內衣懷抱後就再也穿不回有襯內衣了版上熱推ChantelleSimoneP廨鋩ePassionataChantalThomass都曾跟風買過其中最喜歡是SimoneP廨鋩e雖然它設計素雅大方無特別出挑刺繡配色但材質舒適度卻是其他家無法比特別親膚柔軟缺點是較不耐穿容易鬆瘦身成功後覺得胸部脂肪不夠豐滿穿SimoneP廨鋩e顯得不夠挺這次目光被aubade吸引在百貨公司試穿了傾心12杯無襯款式被那精緻刺繡圖案整個收服了而且蕾絲比較硬挺顯得胸部線條更為飽滿但是百貨價格實在讓人無法下手碰巧p大分享了台中新光三越aubade特賣會資訊收了激情夜曲浪漫女人兩套後又遇到k大分享Aubade年度特賣會忍不住又跟朋友衝了一踏進特賣會一眼就瞧上了掛在牆上每日一物－激情夜曲馬甲銷售小姐很熱情說剛好是我替代尺碼很多人想要都無法穿要我千萬別錯過了剛好我在上一場特賣會買了該款配褲就這樣990元入手了原價一萬初馬甲本人資訊各品牌無襯內衣都穿85ＣXS配褲以下有試穿照防雷1激情夜曲馬甲90BXS三角配褲試穿心得罩杯部分是剛好可以裝滿但是扣至最裡格馬甲腰身部份卻非常寬鬆在試穿間隨手拍照片有點糊請見諒acomaoZMqqj8noreferrernoopener_blankcomaoZMqqj8a因為要修改部份不少門市小姐也無法確定是否能順利改好推薦一間合作修改師傅要我直接前去給師傅看看怎麽改較合適師傅看了後說一般都從兩側改但這件馬甲腰側下方都是蕾絲下圖綠框處acomaRu6Vunoreferrernoopener_blankcomaRu6Vua若這樣改了就無法對花相當可惜建議從後面扣子部分改只是這樣修改幅度不能太多不然布料會皺縮無法平整馬甲都買了也只能嘗試修改看看囉為了穿脫方便請師傅直接把三排扣給改為拉鍊隔一週去取雖然還是有點寬鬆但已經可以穿搭在衣服裡不會向外衣一樣垮垮地acomadz2623Dnoreferrernoopener_blankcomadz2623Da背後黑色拉鍊很隱形因為不是很緊身所以可以反手拉上拉鍊很方便acomavSBbvMvnoreferrernoopener_blankcomavSBbvMva搭上同款配褲acomaooW6vLCnoreferrernoopener_blankcomaooW6vLCa背面長這樣可以看出腰身部分有修改內縮acomanGnIjQDnoreferrernoopener_blankcomanGnIjQDa修改費用共250元990元共1240元馬甲牌價12800不到一折就入手覺得非常值得只是吊帶不可拆平常也不會穿大腿襪不知道大家會想剪掉還是就這樣掛著２傾心無襯內衣85CXS三角配褲在百貨試穿後念念不忘但DD網站偏偏沒有XS配褲有事沒事一直狂刷網站終於12月中補貨了1220下單選擇最便宜郵政今年0112就收到囉外面是紙箱內裡是品牌小盒裝acomaMUiVSrqnoreferrernoopener_blankcomaMUiVSrqa實物照acomaI3X5hsmnoreferrernoopener_blankcomaI3X5hsma令人一見傾心精美刺繡非常華麗唯美acomaByzyaFxnoreferrernoopener_blankcomaByzyaFxa背部有可拆裝飾搭配露背裝會很吸睛acomaILmRGv5noreferrernoopener_blankcomaILmRGv5a拍不出實品美借用官網模特照給大家欣賞acomah4SiTo9noreferrernoopener_blankcomah4SiTo9aacomab0fJJOLnoreferrernoopener_blankcomab0fJJOLa3激情女人蕾絲薄襯內衣85CXS蕾絲平口褲跟上一套一樣在DD網站購入原本是為了分攤國際運費買但實際試穿後卻非常襯膚讓人驚艷剛好友人想看實穿照就隨手拍了幾張acomabHYBo6lnoreferrernoopener_blankcomabHYBo6laaubade剪裁特別適合我這樣上胸無肉人修飾渾圓飽滿完全不會空杯acomaDAUdUtSnoreferrernoopener_blankcomaDAUdUtSa美中不足是配褲後面縫線處太突出紅框處穿起來有點癢acomaT5aFp47noreferrernoopener_blankcomaT5aFp47a但還是不減我對他喜愛眼冒愛心４夏日浪漫薄襯12罩杯85CXS蕾絲三角褲aubade年度特賣３套３折購入成套控難得在特賣會可以找到配褲一定要入手膚色底搭上亮麗紫紅色非常有春天絢麗感覺acomah73dw4qnoreferrernoopener_blankcomah73dw4qa瞧瞧配褲背面那繁花似錦刺繡還有招牌小蝶結acomasCwoFXfnoreferrernoopener_blankcomasCwoFXfa正面有著A牌常見交叉緞帶acomaqYgZnhmnoreferrernoopener_blankcomaqYgZnhma配褲半透膚顯得很性感acoma1wOluB3noreferrernoopener_blankcoma1wOluB3a結尾1價位特賣會３件３折DD網站５折購入夏日浪漫成套是2988元傾心成套折合台幣運費兩套均攤2833元是台灣定價223折激情女人成套折合台幣運費兩套均攤2465元是台灣定價22折相較之下DD網站五折有自己尺碼是非常值得入手不過特賣會每日一物990元馬甲更是低於１折所以台灣特賣會地點允許話還是很推薦去淘寶2舒適度aubade相較之前慣穿SimoneP廨鋩e更硬挺網紗部分親膚柔軟度沒那麼好有些縫線過粗地方也會顯得略微刺癢繁複刺繡雖然美但也更容易有搔癢感很輕微幾乎不影響3美觀度12無襯部分aubade跟Chantelle一樣穿起來都顯得渾圓立體不擠肉也不空杯兩品牌都穿同樣尺碼水滴杯部分aubade貼合胸型不會空杯但SimoneP廨鋩e水滴杯則會有點空兩品牌都穿同樣尺碼A牌刺繡最多樣配色大膽活潑更合我胃口以上分享給還不熟悉aubade人參考去了兩次Ａ牌特賣會都不如他牌特賣會人潮眾多尺寸部分建議還是先到百貨試穿大部分特賣會都是不能試穿若需要馬甲修改師傅聯絡方式歡迎站內信,"['心得', 'aubade', '數套', '分享', '及馬甲', '修改', '資訊', '內衣', '品牌', 'aubade', '品名', '或', '型號', '1aubade', '激情', '夜曲', '2aubade', '傾心', '3aubade', '激情', '女人', '4aubade', '夏日', '浪漫', '前情', '提要數', '年前', '踏入', '無襯', '內衣', '懷抱', '後', '就', '再也', '穿', '不', '回有', '襯', '內衣', '了', '版', '上熱', '推', 'ChantelleSimoneP', '廨', '鋩', 'ePassionataChantalThomass', '都', '曾', '跟', '風買過', '其中', '最', '喜歡', '是', 'SimoneP', '廨', '鋩', 'e', '雖然', '它', '設計', '素雅', '大方', '無特別', '出', '挑', '刺繡', '配色', '但', '材質', '舒', '適度', '卻是', '其他', '家無法', '比特別', '親膚', '柔軟', '缺點', '是', '較', '不耐', '穿', '容易', '鬆', '瘦', '身', '成功', '後', '覺得', '胸部', '脂肪', '不夠', '豐滿', '穿', 'SimoneP', '廨', '鋩', 'e', '顯得', '不夠', '挺', '這次', '目光', '被', 'aubade', '吸引', '在', '百貨', '公司', '試穿', '了', '傾心', '12', '杯', '無', '襯款', '式', '被', '那', '精', '緻', '刺繡', '圖案', '整個', '收服', '了', '而', '且蕾絲', '比', '較', '硬', '挺', '顯得', '胸部線條', '更', '為', '飽滿', '但是', '百貨', '價格', '實在', '讓', '人', '無法', '下手', '碰巧', 'p', '大', '分享', '了', '台', '中新', '光三越', 'aubade', '特賣會', '資訊收', '了', '激情', '夜曲', '浪漫', '女人', '兩套', '後', '又', '遇到', 'k', '大', '分享', 'Aubade', '年度', '特賣會', '忍不住', '又', '跟', '朋友衝', '了', '一踏', '進特', '賣會', '一眼', '就', '瞧', '上', '了', '掛在', '牆', '上', '每', '日', '一物', '－', '激情', '夜曲', '馬', '甲', '銷售', '小姐', '很熱情', '說', '剛好', '是', '我', '替代', '尺碼', '很多', '人', '想要', '都', '無法', '穿', '要', '我', '千萬', '別錯過', '了', '剛好', '我', '在', '上', '一場', '特賣會', '買', '了', '該款', '配褲', '就', '這樣', '990', '元', '入手', '了', '原價', '一萬', '初馬甲本', '人', '資訊', '各', '品牌', '無襯', '內衣', '都', '穿', '85', 'Ｃ', 'XS', '配褲', '以', '下有', '試穿', '照防雷', '1', '激情', '夜曲', '馬', '甲', '90BXS', '三角', '配褲', '試穿', '心得', '罩', '杯', '部分', '是', '剛好', '可以', '裝滿', '但是', '扣至', '最裡', '格馬甲', '腰', '身部份', '卻', '非常', '寬鬆', '在', '試', '穿間', '隨手', '拍', '照片', '有', '點糊', '請', '見諒', 'acomaoZMqqj8noreferrernoopener', '_', 'blankcomaoZMqqj8a', '因為', '要', '修改', '部份', '不少', '門市', '小姐', '也', '無法', '確定', '是', '否能', '順利', '改好', '推薦', '一間', '合作', '修改', '師傅', '要', '我', '直接', '前去', '給', '師傅', '看', '看', '怎', '麽', '改較', '合適', '師傅', '看', '了', '後', '說', '一般', '都', '從', '兩側', '改但', '這件', '馬', '甲', '腰側', '下方', '都', '是', '蕾', '絲', '下圖', '綠框', '處', 'acomaRu6Vunoreferrernoopener', '_', 'blankcomaRu6Vua', '若', '這樣', '改', '了', '就', '無法', '對花', '相當', '可惜', '建議', '從', '後面', '扣', '子部', '分改', '只是', '這樣', '修改', '幅度', '不能', '太', '多', '不然', '布料', '會', '皺縮', '無法', '平整', '馬', '甲', '都', '買', '了', '也', '只能', '嘗試', '修改', '看', '看', '囉', '為', '了', '穿', '脫方', '便', '請', '師傅', '直接', '把', '三排', '扣給', '改為', '拉', '鍊', '隔', '一週', '去取', '雖然', '還是', '有點', '寬鬆', '但', '已經', '可以', '穿', '搭', '在', '衣', '服裡', '不會', '向', '外衣', '一樣', '垮', '垮', '地', 'acomadz2623Dnoreferrernoopener', '_', 'blankcomadz2623Da', '背後黑色', '拉', '鍊', '很', '隱形', '因為', '不是', '很緊', '身', '所以', '可以', '反', '手拉', '上', '拉', '鍊', '很方', '便', 'acomavSBbvMvnoreferrernoopener', '_', 'blankcomavSBbvMva', '搭上', '同款', '配褲', 'acomaooW6vLCnoreferrernoopener', '_', 'blankcomaooW6vLCa', '背面長', '這樣', '可以', '看出', '腰', '身部分', '有', '修改', '內縮', 'acomanGnIjQDnoreferrernoopener', '_', 'blankcomanGnIjQDa', '修改', '費用', '共', '250', '元', '990', '元', '共', '1240', '元馬甲', '牌價', '12800', '不到', '一折', '就', '入手', '覺得', '非常', '值得', '只是', '吊帶', '不可', '拆', '平常', '也', '不會', '穿', '大腿', '襪', '不知', '道', '大家', '會想', '剪掉', '還是', '就', '這樣', '掛著', '２', '傾心', '無襯', '內衣', '85CXS', '三角', '配褲', '在', '百貨試', '穿', '後', '念念不忘', '但', 'DD', '網站', '偏偏', '沒有', 'XS', '配褲', '有', '事', '沒事', '一直', '狂刷網', '站終', '於', '12', '月', '中', '補貨', '了', '1220', '下', '單選', '擇', '最', '便宜', '郵政', '今年', '0112', '就', '收到', '囉', '外面', '是', '紙箱', '內裡', '是', '品牌', '小盒', '裝', 'acomaMUiVSrqnoreferrernoopener', '_', 'blankcomaMUiVSrqa', '實物', '照', 'acomaI3X5hsmnoreferrernoopener', '_', 'blankcomaI3X5hsma', '令人', '一見傾心', '精美', '刺繡', '非常華麗', '唯美', 'acomaByzyaFxnoreferrernoopener', '_', 'blankcomaByzyaFxa', '背部', '有', '可', '拆裝飾', '搭', '配露', '背裝會', '很', '吸睛', 'acomaILmRGv5noreferrernoopener', '_', 'blankcomaILmRGv5a', '拍不出', '實品', '美', '借用', '官網', '模特', '照給', '大家', '欣賞', 'acomah4SiTo9noreferrernoopener', '_', 'blankcomah4SiTo9aacomab0fJJOLnoreferrernoopener', '_', 'blankcomab0fJJOLa3', '激情', '女人', '蕾', '絲', '薄', '襯', '內衣', '85CXS', '蕾', '絲平口', '褲', '跟', '上', '一套', '一樣', '在', 'DD', '網站', '購入', '原本', '是', '為', '了', '分攤', '國際', '運費', '買', '但', '實際', '試穿', '後', '卻', '非常', '襯膚', '讓', '人', '驚艷', '剛好', '友人', '想', '看實', '穿照', '就', '隨手', '拍', '了', '幾張', 'acomabHYBo6lnoreferrernoopener', '_', 'blankcomabHYBo6laaubade', '剪裁', '特別', '適合', '我', '這樣', '上', '胸無肉', '人', '修飾', '渾圓飽滿', '完全', '不會', '空杯', 'acomaDAUdUtSnoreferrernoopener', '_', 'blankcomaDAUdUtSa', '美中', '不足', '是', '配褲', '後面', '縫線', '處', '太', '突出', '紅框', '處', '穿', '起來', '有點', '癢', 'acomaT5aFp47noreferrernoopener', '_', 'blankcomaT5aFp47a', '但', '還是', '不減', '我', '對', '他', '喜愛', '眼冒', '愛心', '４', '夏日', '浪漫', '薄', '襯', '12', '罩', '杯', '85CXS', '蕾', '絲', '三角褲', 'aubade', '年度', '特賣', '３', '套', '３', '折購入', '成套', '控難', '得', '在', '特賣會', '可以', '找到', '配褲', '一', '定要', '入手', '膚色底', '搭', '上', '亮麗', '紫紅色', '非', '常有', '春天', '絢麗', '感覺', 'acomah73dw4qnoreferrernoopener', '_', 'blankcomah73dw4qa', '瞧', '瞧', '配褲', '背面', '那', '繁花', '似錦', '刺繡', '還有', '招牌', '小蝶結', 'acomasCwoFXfnoreferrernoopener', '_', 'blankcomasCwoFXfa', '正面', '有', '著', 'A', '牌', '常見', '交叉', '緞帶', 'acomaqYgZnhmnoreferrernoopener', '_', 'blankcomaqYgZnhma', '配褲', '半透膚', '顯得', '很', '性感', 'acoma1wOluB3noreferrernoopener', '_', 'blankcoma1wOluB3a', '結尾', '1', '價位', '特賣會', '３', '件', '３', '折', 'DD', '網站', '５', '折購入', '夏日', '浪漫', '成套', '是', '2988', '元', '傾心', '成套', '折合', '台幣', '運費', '兩套', '均攤', '2833', '元', '是', '台灣', '定價', '223', '折激情', '女人', '成套', '折合', '台幣', '運費', '兩套', '均攤', '2465', '元', '是', '台灣', '定價', '22', '折相較', '之下', 'DD', '網站', '五折', '有', '自己', '尺碼', '是', '非常', '值得', '入手', '不過', '特賣會', '每日', '一物', '990', '元馬甲', '更', '是', '低於', '１', '折', '所以', '台灣', '特賣會', '地點', '允許', '話', '還是', '很', '推薦', '去', '淘', '寶', '2', '舒適度', 'aubade', '相較', '之前', '慣穿', 'SimoneP', '廨', '鋩', 'e', '更', '硬', '挺', '網紗', '部分', '親膚', '柔', '軟度', '沒', '那麼', '好', '有些', '縫線過', '粗', '地方', '也', '會', '顯得略', '微', '刺癢', '繁', '複', '刺繡', '雖然', '美', '但', '也', '更', '容易', '有', '搔', '癢', '感', '很輕', '微', '幾乎', '不', '影響', '3', '美觀度', '12', '無襯', '部分', 'aubade', '跟', 'Chantelle', '一樣', '穿', '起來', '都', '顯得', '渾圓立體', '不', '擠', '肉', '也', '不', '空杯', '兩', '品牌', '都', '穿', '同樣', '尺碼', '水滴杯', '部分', 'aubade', '貼合', '胸型', '不會', '空杯', '但', 'SimoneP', '廨', '鋩', 'e', '水滴', '杯則', '會', '有', '點空', '兩', '品牌', '都', '穿', '同樣', '尺碼', 'A', '牌', '刺繡', '最', '多樣', '配色', '大膽', '活潑', '更合', '我', '胃口', '以上', '分享', '給還', '不熟', '悉', 'aubade', '人', '參考', '去', '了', '兩次', 'Ａ', '牌特賣', '會', '都', '不如', '他牌', '特賣會', '人潮', '眾多', '尺寸', '部分', '建議', '還是', '先到', '百貨試', '穿', '大部分', '特賣會', '都', '是', '不能', '試穿', '若', '需要', '馬', '甲', '修改', '師傅', '聯絡', '方式', '歡迎', '站', '內信']"
17,17,[贈送] 薄蕾絲75D內衣一件,2022-01-27 21:19:47,"同款買了兩色，
覺得還是喜歡薄杯內衣，
故釋出全新灰紫色一件，
久放不影響，狀況如圖

<a href=""https://i.imgur.com/gPuEn2K.jpg"" rel=""noreferrer noopener nofollow"" target=""_blank"">https://i.imgur.com/gPuEn2K.jpg</a>
<a href=""https://i.imgur.com/8WWaedK.jpg"" rel=""noreferrer noopener nofollow"" target=""_blank"">https://i.imgur.com/8WWaedK.jpg</a>

僅試穿未下水寄出前會剪標，
需自行負擔全家店到店運費。
來信索取請附上女性證明及內衣尺寸證明。




*已贈出",贈送,underwear,M.1643289589.A.1B0,DollyPig (˙3 ˙),(臺灣),0,[],0,0,0,0,贈送薄蕾絲75D內衣一件同款買了兩色覺得還是喜歡薄杯內衣故釋出全新灰紫色一件久放不影響狀況如圖aicomgPuEn2Knoreferrernoopener_blankicomgPuEn2Kaaicom8WWaedKnoreferrernoopener_blankicom8WWaedKa僅試穿未下水寄出前會剪標需自行負擔全家店到店運費來信索取請附上女性證明及內衣尺寸證明已贈出,"['贈送', '薄蕾絲', '75D', '內衣', '一件', '同款', '買', '了', '兩色', '覺得', '還是', '喜歡', '薄杯', '內衣', '故釋', '出', '全新', '灰紫色', '一件', '久放', '不', '影響', '狀況', '如圖', 'aicomgPuEn2Knoreferrernoopener', '_', 'blankicomgPuEn2Kaaicom8WWaedKnoreferrernoopener', '_', 'blankicom8WWaedKa', '僅試', '穿', '未', '下水', '寄出', '前會', '剪標', '需自行', '負擔', '全家', '店到', '店', '運費', '來信', '索取', '請', '附上', '女性', '證明', '及', '內衣', '尺寸', '證明', '已', '贈出']"
18,18,[心得]  紅紅褲pro心得,2022-01-25 14:47:47,"內褲品牌：Khò  o
品名或型號：紅紅褲Pro超吸收中腰 黑色
 
心得：
目前穿了一次經期，分別是第二天跟第四天的時候穿
看官網說最高吸收量達60ml，相當於5片日用+1片夜用衛生棉
所以我就很大膽的在量最多的第二天穿
 
一整天下來睡覺翻滾、做瑜珈、整理房間都沒有漏
底褲的布料能夠看見吸收的狀況，如果量太多就可以換一件
 
Pro版的吸血區塊的貼合度做的還不錯，吸血後不會鼓鼓的
整體布料也蠻舒適的，比一開始的紅紅褲好穿太多
 
這是收到貨後打開來的實拍圖
 
正面
<a href=""https://i.imgur.com/Mr3t9B2.jpg"" rel=""noreferrer noopener nofollow"" target=""_blank"">https://i.imgur.com/Mr3t9B2.jpg</a>
 
背面
<a href=""https://i.imgur.com/IZ644PP.jpg"" rel=""noreferrer noopener nofollow"" target=""_blank"">https://i.imgur.com/IZ644PP.jpg</a>
 
吸血區的布料是蜂巢式的，吸血的瞬間看得到
這裡同時也有做銀離子的抗菌材質
側面加寬的地方有些微反光的部分是防水布料，能防側漏
實測側睡沒有露出半點經血
<a href=""https://i.imgur.com/HWQ4F2v.jpg"" rel=""noreferrer noopener nofollow"" target=""_blank"">https://i.imgur.com/HWQ4F2v.jpg</a>
 
 
 
這是實穿圖
<a href=""https://i.imgur.com/9DTXbJj.jpg"" rel=""noreferrer noopener nofollow"" target=""_blank"">https://i.imgur.com/9DTXbJj.jpg</a>
 
總結：
這次的嘗試我覺得蠻成功的，尤其是舒適度有讓我驚艷到
不喜歡衛生棉或害怕棉條的人也可以嘗試看看
目前打算再入手一件夜用跟日用的來搭配度過整個經期
以上是我的分享",心得,underwear,M.1643093269.A.924,nita1228 (qpaz86512),(臺灣),14,"[{'type': '→', 'user': 'queen0908', 'content': '想問穿起來會悶熱嗎?', 'ipdatetime': '01/25 15:51'}, {'type': '推', 'user': 'fleurdumal', 'content': '請問容易卡屁嗎 目前穿月亮褲頗卡屁很煩', 'ipdatetime': '01/26 10:20'}, {'type': '推', 'user': 'love91041', 'content': '也想請問量多時會感覺得到褲底濕濕的嗎？我也是用月亮', 'ipdatetime': '01/26 15:35'}, {'type': '→', 'user': 'love91041', 'content': '褲都會覺得濕濕的不太舒服', 'ipdatetime': '01/26 15:36'}, {'type': '推', 'user': 'e8242002', 'content': '我是收到信有回購優惠所以也有入，看到這次的改良讓我', 'ipdatetime': '01/26 18:34'}, {'type': '→', 'user': 'e8242002', 'content': '好感動，之前提的意見真的被採納了', 'ipdatetime': '01/26 18:34'}, {'type': '推', 'user': 'emilyang', 'content': '有這個好像就不用一直買棉棉了！', 'ipdatetime': '01/27 11:48'}, {'type': '→', 'user': 'mavis825', 'content': '經血塊的部分呢？吸收狀況如何？', 'ipdatetime': '01/27 14:14'}, {'type': '推', 'user': 'sleepdesign', 'content': '2、3好愛><', 'ipdatetime': '01/27 14:52'}, {'type': '→', 'user': 'sleepdesign', 'content': '走錯篇XD', 'ipdatetime': '01/27 14:52'}, {'type': '推', 'user': 'mavis825', 'content': '還是謝謝妳的分享：）', 'ipdatetime': '01/27 19:18'}, {'type': '→', 'user': 'j20110405', 'content': '我沒穿過，不過聽說血塊的部分還是要自己用衛生紙擦掉', 'ipdatetime': '01/28 13:20'}, {'type': '推', 'user': 'love91041', 'content': '哇嗚感覺不錯有點心動，但月亮褲才買沒多久QQ', 'ipdatetime': '01/28 16:09'}, {'type': '→', 'user': 'love91041', 'content': '不知道有沒有人兩個牌子都穿過的能分享比較心得> <', 'ipdatetime': '01/28 16:10'}]",7,0,7,14,心得紅紅褲pro心得內褲品牌Khòo品名或型號紅紅褲Pro超吸收中腰黑色心得目前穿了一次經期分別是第二天跟第四天時候穿看官網說最高吸收量達60ml相當於5片日用1片夜用衛生棉所以我就很大膽在量最多第二天穿一整天下來睡覺翻滾做瑜珈整理房間都沒有漏底褲布料能夠看見吸收狀況如果量太多就可以換一件Pro版吸血區塊貼合度做還不錯吸血後不會鼓鼓整體布料也蠻舒適比一開始紅紅褲好穿太多這是收到貨後打開來實拍圖正面aicomMr3t9B2noreferrernoopener_blankicomMr3t9B2a背面aicomIZ644PPnoreferrernoopener_blankicomIZ644PPa吸血區布料是蜂巢式吸血瞬間看得到這裡同時也有做銀離子抗菌材質側面加寬地方有些微反光部分是防水布料能防側漏實測側睡沒有露出半點經血aicomHWQ4F2vnoreferrernoopener_blankicomHWQ4F2va這是實穿圖aicom9DTXbJjnoreferrernoopener_blankicom9DTXbJja總結這次嘗試我覺得蠻成功尤其是舒適度有讓我驚艷到不喜歡衛生棉或害怕棉條人也可以嘗試看看目前打算再入手一件夜用跟日用來搭配度過整個經期以上是我分享,"['心得', '紅紅褲', 'pro', '心得', '內褲', '品牌', 'Kh', 'ò', 'o', '品名', '或', '型號', '紅紅褲', 'Pro', '超', '吸收', '中腰', '黑色', '心得', '目前', '穿', '了', '一次', '經期', '分別', '是', '第', '二天', '跟', '第四', '天時', '候穿', '看', '官網', '說', '最', '高', '吸收量', '達', '60ml', '相當', '於', '5', '片日用', '1', '片夜', '用衛生', '棉', '所以', '我', '就', '很', '大膽', '在', '量', '最', '多', '第', '二天', '穿', '一整天', '下來', '睡覺', '翻', '滾', '做', '瑜', '珈', '整理', '房間', '都', '沒', '有', '漏', '底褲', '布料', '能夠', '看見', '吸收', '狀況', '如果', '量', '太', '多', '就', '可以', '換', '一件', 'Pro', '版', '吸血', '區塊', '貼', '合度', '做還', '不錯', '吸血', '後', '不會', '鼓鼓', '整體', '布料', '也', '蠻', '舒適', '比', '一開', '始紅紅褲', '好', '穿', '太多', '這是', '收', '到貨', '後', '打開', '來實', '拍圖', '正面', 'aicomMr3t9B2noreferrernoopener', '_', 'blankicomMr3t9B2a', '背面', 'aicomIZ644PPnoreferrernoopener', '_', 'blankicomIZ644PPa', '吸血', '區', '布料', '是', '蜂巢式', '吸血', '瞬間', '看', '得到', '這裡', '同時', '也', '有', '做', '銀離子', '抗菌', '材質', '側面', '加寬', '地方', '有', '些微', '反光', '部分', '是', '防水', '布料', '能防側', '漏', '實測', '側睡', '沒有', '露出', '半點', '經血', 'aicomHWQ4F2vnoreferrernoopener', '_', 'blankicomHWQ4F2va', '這是', '實穿', '圖', 'aicom9DTXbJjnoreferrernoopener', '_', 'blankicom9DTXbJja', '總結', '這次', '嘗試', '我覺', '得', '蠻', '成功', '尤其', '是', '舒', '適度', '有', '讓', '我', '驚艷到', '不', '喜歡', '衛生', '棉', '或', '害怕', '棉條', '人', '也', '可以', '嘗試', '看看', '目前', '打算', '再', '入手', '一件', '夜用', '跟', '日用', '來', '搭配', '度過', '整個', '經期', '以上', '是', '我', '分享']"
19,19,[心得] Salute貝殼杯vs.Aubade版型,2022-01-22 00:45:57,"平常慣穿Aubade / Chantelle等法國牌內衣，
可能是胸距寬、底盤大、偏尖杯這幾個條件組合之下，
從開始穿內衣的年紀就跟國產牌八字不合。

當有能力之後就投奔dessus dessous的懷抱了（笑
（題外話，穿來穿去還是最喜歡Aubade...
其他牌子如Simone Perele, Lise Charmel都好容易鬆QQ）


進入正題，
今天難得試穿到合胸型的日系內衣：蕾絲超美的Salute貝殼杯！！
（恕無實穿照）

<a href=""https://imgur.com/MT4si14"" rel=""noreferrer noopener nofollow"" target=""_blank"">https://imgur.com/MT4si14</a>

不穿則已一穿上身，
那個造胸神力簡直不科學啊！

完全不勒，完全不需要擠肉！！

弧度自然且立體，一向事業心不重的本人都醉了.....


蕾絲布料摸起來超軟、舒適度滿分，日本製，遇到五折2080二話不說就收了。

這件拿的尺寸是34F，跟慣穿的歐系內衣尺碼差了整整一個杯


趁機曬一波Aubade

無襯 Aubade - Half cup bra Fièvre Andalouse Bohemian 34E
<a href=""https://imgur.com/YK52ucd"" rel=""noreferrer noopener nofollow"" target=""_blank"">https://imgur.com/YK52ucd</a>
穿這件下胸圍略略緊但還在舒適範圍，上胸圍裝得剛剛好，脅邊不會溢出肉


有襯 AUBADE soutien-gorge corbeille 34E
<a href=""https://imgur.com/2nG4XKt"" rel=""noreferrer noopener nofollow"" target=""_blank"">https://imgur.com/2nG4XKt</a>
穿這件下胸圍很舒適，上胸圍微ㄌ尢


最後，
希望台灣能多進一些Salute貝殼杯的剪裁啊。。。",心得,underwear,M.1642783559.A.347,metaphorist (諾黑),(臺灣),12,"[{'type': '推', 'user': 'tooru', 'content': '我去年7月去Salute，聽櫃姐說之後台灣可能不太會進貝殼杯系', 'ipdatetime': '01/22 00:57'}, {'type': '→', 'user': 'tooru', 'content': '列。所以現在還有嗎？我也愛貝殼杯～', 'ipdatetime': '01/22 00:57'}, {'type': '推', 'user': 'Fantasyweed', 'content': '好美～～～你的口吻害我大笑XDDDDDDDD', 'ipdatetime': '01/22 09:47'}, {'type': '推', 'user': 'blockhorse66', 'content': '貝殼好看', 'ipdatetime': '01/22 13:30'}, {'type': '推', 'user': 'justin61417', 'content': '貝殼杯很漂亮！', 'ipdatetime': '01/22 13:40'}, {'type': '推', 'user': 'yoyoshian', 'content': '推貝殼杯！我也很愛', 'ipdatetime': '01/22 23:46'}, {'type': '推', 'user': 'sukiyasuki', 'content': '我愛死貝殼杯了！效果非常非常好。目前已買了三件，', 'ipdatetime': '01/23 22:12'}, {'type': '→', 'user': 'sukiyasuki', 'content': '之後要繼續買！', 'ipdatetime': '01/23 22:12'}, {'type': '推', 'user': 'paullintnn', 'content': '喜歡salute貝殼杯的話可以考慮日本樂天直購', 'ipdatetime': '01/23 23:14'}, {'type': '推', 'user': 'sodahaini', 'content': '好美啊', 'ipdatetime': '01/24 15:12'}, {'type': '→', 'user': 'sleepdesign', 'content': '2、3好好看~', 'ipdatetime': '01/27 14:53'}, {'type': '推', 'user': 'cin826', 'content': '我也很愛貝殼杯，不壓迫肋骨', 'ipdatetime': '02/12 14:24'}]",9,0,3,12,心得Salute貝殼杯vsAubade版型平常慣穿AubadeChantelle等法國牌內衣可能是胸距寬底盤大偏尖杯這幾個條件組合之下從開始穿內衣年紀就跟國產牌八字不合當有能力之後就投奔dessusdessous懷抱了笑題外話穿來穿去還是最喜歡Aubade其他牌子如SimonePeeLiseCharmel都好容易鬆進入正題今天難得試穿到合胸型日系內衣蕾絲超美Salute貝殼杯恕無實穿照acomMT4si14noreferrernoopener_blankcomMT4si14a不穿則已一穿上身那個造胸神力簡直不科學啊完全不勒完全不需要擠肉弧度自然且立體一向事業心不重本人都醉了蕾絲布料摸起來超軟舒適度滿分日本製遇到五折2080二話不說就收了這件拿尺寸是34F跟慣穿歐系內衣尺碼差了整整一個杯趁機曬一波Aubade無襯AubadeHalfcupbraFièvreAndalouseBohemian34EacomYK52ucdnoreferrernoopener_blankcomYK52ucda穿這件下胸圍略略緊但還在舒適範圍上胸圍裝得剛剛好脅邊不會溢出肉有襯AUBADEsoutiengorgecorbeille34Eacom2nG4XKtnoreferrernoopener_blankcom2nG4XKta穿這件下胸圍很舒適上胸圍微ㄌ尢最後希望台灣能多進一些Salute貝殼杯剪裁啊,"['心得', 'Salute', '貝殼', '杯', 'vsAubade', '版型', '平常', '慣穿', 'AubadeChantelle', '等', '法國牌', '內衣', '可能', '是', '胸距', '寬', '底盤', '大偏', '尖杯', '這', '幾個', '條件', '組合', '之下', '從', '開始', '穿', '內衣', '年紀', '就', '跟', '國產', '牌', '八字', '不合', '當有', '能力', '之後', '就', '投奔', 'dessusdessous', '懷抱', '了', '笑題', '外話', '穿來', '穿', '去', '還是', '最', '喜歡', 'Aubade', '其他', '牌子', '如', 'SimonePeeLiseCharmel', '都', '好容易', '鬆', '進', '入', '正', '題', '今天', '難得試', '穿', '到', '合', '胸型', '日系', '內衣', '蕾', '絲', '超美', 'Salute', '貝殼', '杯', '恕', '無實', '穿照', 'acomMT4si14noreferrernoopener', '_', 'blankcomMT4si14a', '不', '穿則', '已', '一', '穿', '上身', '那個造', '胸神力', '簡直', '不科學', '啊', '完全', '不勒', '完全', '不', '需要', '擠', '肉', '弧度', '自然且', '立體', '一向', '事業心', '不重', '本人', '都', '醉', '了', '蕾', '絲', '布料', '摸', '起來', '超軟', '舒', '適度', '滿分', '日', '本', '製', '遇', '到', '五折', '2080', '二話不說', '就', '收', '了', '這件', '拿', '尺寸', '是', '34F', '跟慣', '穿', '歐系', '內衣', '尺碼', '差', '了', '整整', '一個', '杯', '趁機', '曬', '一波', 'Aubade', '無襯', 'AubadeHalfcupbraFi', 'è', 'vreAndalouseBohemian34EacomYK52ucdnoreferrernoopener', '_', 'blankcomYK52ucda', '穿', '這件', '下', '胸', '圍略略', '緊', '但', '還在', '舒適', '範圍', '上', '胸圍', '裝得', '剛剛', '好脅邊', '不會', '溢出', '肉', '有', '襯', 'AUBADEsoutiengorgecorbeille34Eacom2nG4XKtnoreferrernoopener', '_', 'blankcom2nG4XKta', '穿', '這件', '下', '胸圍', '很', '舒適', '上', '胸圍', '微', 'ㄌ', '尢', '最', '後', '希望', '台灣能', '多進', '一些', 'Salute', '貝殼', '杯', '剪裁', '啊']"
20,20,Fw: [情報] 台北曼黛瑪璉內衣特賣~內衣2件900元,2022-01-14 00:17:53,"
作者: sisy1017 (西西) 看板: Actuary
標題: [情報] 台北曼黛瑪璉內衣特賣~內衣2件900元
時間: Fri Jan 14 00:17:40 2022

是否為店家分享文：是


店        家：曼黛瑪璉內衣特賣會


日 期／時 間：即日起~111/2/9（1/31~2/2休息） 11：00~21：00


地        點：台北市大安區信義路三段150之1號1樓（捷運大安站3號出口）


來源 or 網址：<a href=""https://reurl.cc/bknv4r"" rel=""noreferrer noopener nofollow"" target=""_blank"">https://reurl.cc/bknv4r</a>


內容 or 商品：

<a href=""https://pic.pimg.tw/sisy1017/1642077400-4249507505-g_n.jpg"" rel=""noreferrer noopener nofollow"" target=""_blank"">https://pic.pimg.tw/sisy1017/1642077400-4249507505-g_n.jpg</a>

<a href=""https://pic.pimg.tw/sisy1017/1642087380-2708514692-g.jpg"" rel=""noreferrer noopener nofollow"" target=""_blank"">https://pic.pimg.tw/sisy1017/1642087380-2708514692-g.jpg</a>

<a href=""https://pic.pimg.tw/sisy1017/1640313427-1379600278-g.jpg"" rel=""noreferrer noopener nofollow"" target=""_blank"">https://pic.pimg.tw/sisy1017/1640313427-1379600278-g.jpg</a>

<a href=""https://pic.pimg.tw/sisy1017/1625810404-670469615-g.jpg"" rel=""noreferrer noopener nofollow"" target=""_blank"">https://pic.pimg.tw/sisy1017/1625810404-670469615-g.jpg</a>

曼黛瑪璉內衣特賣來囉！

Hibra、雙弧、無鋼圈內衣特價2件900元、小褲6件1000元！

暢銷組內衣1套960元、2套1680元！

熱賣組正品降價2套2080元4套4000元！

新上市運動內衣、當季正品8折，滿萬75折！

滿額再送好禮！

現場還有泳衣、睡衣290元起，

也可用紙本五倍券！

滿3800送800，滿5000送1000哦！",情報,underwear,M.1642090674.A.6AB,sisy1017 (西西),(臺灣),0,[],0,0,0,0,Fw情報台北曼黛瑪璉內衣特賣內衣2件900元作者sisy1017西西Actuary標題情報台北曼黛瑪璉內衣特賣內衣2件900元FriJan140017402022是否為店家分享文是店家曼黛瑪璉內衣特賣會日期／時間即日起1112913122休息11002100地點台北市大安區信義路三段150之1號1樓捷運大安站3號出口來源or網址areurlccbknv4rnoreferrernoopener_blankreurlccbknv4ra內容or商品apicpimgtwsisy101716420774004249507505g_nnoreferrernoopener_blankpicpimgtwsisy101716420774004249507505g_naapicpimgtwsisy101716420873802708514692gnoreferrernoopener_blankpicpimgtwsisy101716420873802708514692gaapicpimgtwsisy101716403134271379600278gnoreferrernoopener_blankpicpimgtwsisy101716403134271379600278gaapicpimgtwsisy10171625810404670469615gnoreferrernoopener_blankpicpimgtwsisy10171625810404670469615ga曼黛瑪璉內衣特賣來囉Hibra雙弧無鋼圈內衣特價2件900元小褲6件1000元暢銷組內衣1套960元2套1680元熱賣組正品降價2套2080元4套4000元新上市運動內衣當季正品8折滿萬75折滿額再送好禮現場還有泳衣睡衣290元起也可用紙本五倍券滿3800送800滿5000送1000哦,"['Fw', '情報', '台北', '曼黛瑪璉', '內衣', '特賣', '內衣', '2', '件', '900', '元', '作者', 'sisy1017', '西西', 'Actuary', '標題', '情報', '台北', '曼黛瑪璉', '內衣', '特賣', '內衣', '2', '件', '900', '元', 'FriJan140017402022', '是', '否為', '店家', '分享', '文是', '店家', '曼黛瑪璉', '內衣', '特賣會', '日期', '／', '時間', '即日起', '1112913122', '休息', '11002100', '地點', '台北市', '大安區', '信義路', '三段', '150', '之', '1', '號', '1', '樓捷運', '大安', '站', '3', '號', '出口', '來源', 'or', '網址', 'areurlccbknv4rnoreferrernoopener', '_', 'blankreurlccbknv4ra', '內容', 'or', '商品', 'apicpimgtwsisy101716420774004249507505g', '_', 'nnoreferrernoopener', '_', 'blankpicpimgtwsisy101716420774004249507505g', '_', 'naapicpimgtwsisy101716420873802708514692gnoreferrernoopener', '_', 'blankpicpimgtwsisy101716420873802708514692gaapicpimgtwsisy101716403134271379600278gnoreferrernoopener', '_', 'blankpicpimgtwsisy101716403134271379600278gaapicpimgtwsisy10171625810404670469615gnoreferrernoopener', '_', 'blankpicpimgtwsisy10171625810404670469615ga', '曼黛瑪璉', '內衣', '特賣', '來', '囉', 'Hibra', '雙弧', '無', '鋼圈', '內衣', '特價', '2', '件', '900', '元小褲', '6', '件', '1000', '元暢', '銷組', '內衣', '1', '套', '960', '元', '2', '套', '1680', '元熱賣', '組正品', '降價', '2', '套', '2080', '元', '4', '套', '4000', '元新上', '市運', '動', '內衣', '當季', '正品', '8', '折滿', '萬', '75', '折滿額', '再', '送', '好禮', '現場', '還有泳衣', '睡衣', '290', '元起', '也', '可用', '紙本', '五倍', '券滿', '3800', '送', '800', '滿', '5000', '送', '1000', '哦']"
