,商品ID,價格,賣家ID,品牌,商品文案,歷史銷售量,商品名稱,Tag
0,6844948716,149.0,20189220,自有品牌,嘟嘟屋皆為現貨供應，歡迎直接下單，將於1個工作天內快速出貨。^n^n▪️ - ▪️ - ▪️ - ▪️ - ▪️ - ▪️ - ▪️ - ▪️ - ▪️ - ▪️ - ▪️^n🎇日本安心第四代冰絲內衣🎇^n^n內衣千萬種款式您選對了嗎❓^n不管怎麼穿都穿不到中意的嗎❓^n無鋼圈內衣都沒辦法支撐胸部嗎❓^n被鋼圈綁著的感覺真的非常的難受😫^n別忽略了肌膚和乳腺該有的活動空間‼^n自從無鋼圈內衣上市後受到熱烈的迴響💯^n除了可以睡覺穿外，更是運動的最佳選擇🙌^n^n一般的冰絲內衣其實根本就一點都不透氣^n我們的內衣除了是用真正的冰感纖維來織成^n穿著非常的舒適又能排汗，可以達到有效降溫❄^n現在有非常多的女性都熱愛瑜珈及健身都可以穿👏^n運動穿可以讓動作非常的順暢就可以做到不在卡卡🎉^n小編非常強烈推薦有再訓練重訓的女生穿著這個款式🥰^n肩帶處雨內衣是一體式的，在活動時非常的便利又輕鬆😎^n吸汗效果非常的好，訓練時也不會感覺到胸口一直在滴水👍^n非常的輕薄能夠貼合身型，即使穿著在貼身也不感到尷尬喲💖^n^n🏆日本女性瘋狂推薦爆賣款^n🏆冰涼四代奈米冰感纖維織成^n🏆輕薄透氣，任何活動都可穿著^n🏆雙層錢肩帶不易斷裂，一體成型^n🏆活性染料環保不掉色，流汗也不怕^n🏆有效穩固胸型，任何廠喝都非常適穿^n🏆U型掌托罩杯，立體杯型設計聚攏胸部^n🏆無鋼圈設計穿著舒適不緊勒，貼合沒感覺^n🏆穩定胸型可讓胸部挺立減少乳腺堵塞的毛病^n🏆背部一片式設計，可有效包覆多餘的肉更集中^n▪️ - ▪️ - ▪️ - ▪️ - ▪️ - ▪️ - ▪️ - ▪️ - ▪️ - ▪️ - ▪️^n📃詳細參數📃^n^n📌商品面料：錦綸75% 氨綸25%^n📌胸墊材質：錦綸75% 氨綸25%^n📌商品特色；無鋼圈、不緊勒、無痕^n📌推薦胸圍：請參考圖片上所示^n▪️ - ▪️ - ▪️ - ▪️ - ▪️ - ▪️ - ▪️ - ▪️ - ▪️ - ▪️ - ▪️^n各位嘟嘟屋的顧客們您們好：^n我們是蝦皮優選的優良賣家【嘟嘟屋】^n多年的誠信服務，給予顧客最保障的售後服務，最專業的客服團隊！^n嚴選商品的最佳高品質，破萬銷量的客戶評價，我們絕無第二家分店，購買前請確認【嘟嘟屋】！^n^n💖我們秉持著三大保障，優質售後服務超安心💖 ^n✅專業客服與優質的售後服務，會在第一時間快速回覆。^n✅商品皆為台灣公司出貨，嚴格的商品把關與品質保證。^n✅政府合法立案登記，商品皆附上電子發票，安全有保障。^n**若需要紙本可下單備註可隨貨附上**^n購物若遇上疑問皆可詢問，我們會立即協助你解決問題。^n📌有時訊息較多請稍後，營業時間所有訊息100%都會做回覆喔^n📌非營業時間時因訊息量較大，若是尚未回覆的話還麻煩稍後下，客服會竭盡所能盡快回覆的，還請放心喔 ^^^n▪️ - ▪️ - ▪️ - ▪️ - ▪️ - ▪️ - ▪️ - ▪️ - ▪️ - ▪️ - ▪️^n【退換貨須知】^n☆  若趕時間的話，可先詢問客服有無現貨唷~^n☆  下單前請再次確認選購的尺寸、顏色、款式、規格等等^n確認無誤後再進行下單，避免造成您後續換貨上的困擾唷。^n☆  賣場商品下單完成後，台灣現貨將會盡快為您安排寄出。^n☆  宅配預計最快約1-2天內到貨；超商預計最快約2-3天到貨。^n☆  若為急件、大量購買及其他問題可先聊聊洽詢，客服專員會為您服務。^n☆  「猶豫期」非「試用期」，在您還不確定是否要辦理退貨以前，請勿拆封^n一經拆封則依消費者保護法之規定，無法享有七天猶豫期之權益且不得辦理退貨。^n☆  商品只要有瑕疵 / 寄錯 / 其他問題，請在第一時間告知我們，我們會盡快為你安排換貨。^n▪️ - ▪️ - ▪️ - ▪️ - ▪️ - ▪️ - ▪️ - ▪️ - ▪️ - ▪️ - ▪️^n即日起，每日前五百名下單購買不論金額^n只要按☛「關注」與☛任一商品按「❤️讚」^n即贈送神秘小禮物隨包裹寄出唷(✿◖◡◗)^n✌️感謝捧場與支持✌️^n▪️ - ▪️ - ▪️ - ▪️ - ▪️ - ▪️ - ▪️ - ▪️ - ▪️ - ▪️ - ▪️^n【台北-汐止總店】       ^n⧓服務電話：(02)8693-3580^n⧓營業時間：週一至週五 09:30~18:00^n『例假日休息，商品皆會於上班日寄出唷。』^n⧓實體門市：新北市汐止區新台五路一段75號4樓之1^n,70,【日本Sloggi升級款♥5爪冰絲無痕內衣】手捧式內衣 冰絲涼感無痕內衣 無鋼圈 運動內衣 無痕內衣 涼感內衣 冰絲內衣,[]
1,5215849945,690.0,8974669,Kissy 如吻,🔰台灣代理公司正品🔰^n💓💓價格親民💓💓^n💓💐決定親至了解商品$$之後💐回饋消費者💐💓^n💓💎💎💓^n💓1分錢1分貨💓^n^n以上😍商品內容物說明😍^n1.正品-kissy如吻無痕內衣&負離子^n2.正品-kissy如吻底褲^n3.正品-kissy如吻胸墊～薄墊～厚墊^n4.贈送精美小禮物^n^n全家99.299免運🌟先到蝦皮首頁領券❤️別錯過免運活動哦！^n別再問是不是正品^n都敢放真假照片了^n還怕賣的是假的嗎！^n別再觀望這麼好穿的內衣了^n^n遇見kissy💋如吻之後^n才知道之前的內衣甘納賽💩^n這款內衣真的很強大^n穿了真的會相見恨晚😭😭😭^n1.真的舒服^n2.夠集中^n3.不會醜^n4.不會勒^n5.包裝夠浮誇^n6.還在觀望ㄉ你們趕快去買^n7.聊聊闆娘有甜甜價❤️^n^n真的這款內衣👙非常的好穿^n一開始闆娘也不相信，但真的穿上它之後^n真的舒適到一個自己都不敢相信^n完全沒有以往內衣的束縛感跟勒住的痕跡👍👍^n^n🌟每套贈送：一對胸墊+內褲^n連內褲都有小細節，包你愛上！非常超值！❤️^n^n在您下單之前先看完商品簡介或是聊聊詢問^n此為預購商品7～14天出貨^n如急單請勿🚫下單或任意取消訂單，感謝🙏^n^n💥保證正品💥^n「全都是刮碼出貨」^n因為會被舉報賣太便宜😣^n採薄利多銷販賣請多見諒🙏^n^n🔶胸部就像我們女人的第二張臉💆🏻‍♀️^n穿著不適合自己的胸罩，^n只會被成「凶兆」🙀^n遇到這款內衣超級棒der ✨^n穿起來不止集中質感也很舒服！^n穿搭很方便，又不失時尚感！^n^n✔️穿著睡覺^n✔️當運動內衣^n✔️當瑜伽服^n✔️孕婦、哺乳期也能穿^n✔️穿白色衣服，不會露痕^n都非常方便💕^n^n一件多穿，好穿到你會想賴著它^n透氣，舒適度💯真的誰穿誰愛上❤️^n〰〰〰〰〰〰〰〰^n有四款可以選擇，但闆娘我自己是全包了🤤🤤^n太好穿而且又美觀👙^n^n🔺已有下單的朋友10/15寄出🔺^n(依訂單順序所發出）^n麻煩請先［聊聊］詢問尺寸有無現貨或預留在下單^n品項：^n🌟吊帶款(灰) （S、M、L先下單預購）^n🌟吊帶款(黑) （S、M、L先下單預購）^n🌟背心款(膚) （S、M、L先下單預購）^n🌟背心款(黑) （S、M、L先下單預購）^n^n🖤鉑金黑（S、M、L先下單預購）^n💖鉑金粉（S、M、L先下單預購）^n💚鉑金綠（S、M、L先下單預購）^n^n(會持續更新)⬆️^n有下單的朋友別擔心有先幫您們預留起來^n現貨到會立刻出貨！❤️^n其他大尺碼size(XL、XXL)都以預購為主^n此為預購商品7～14天出貨^n如急單請勿下單，感謝🙏^n^nkissy如吻是深圳市如吻服飾科技有限公司旗下品牌，公司是壹家集研發、設計、生產、銷售為壹體，以互聯網創新思維、新零售商業模式為核心的現代化企業。公司總部位於深圳市星河world大廈。,426,附發票 kissy內衣 女生內衣  kissy內衣如吻 kissy鉑金款 kissy 運動內衣  無痕無鋼圈 流行內衣,[]
2,1841542750,280.0,12896244,UNDER ARMOUR(安德瑪),罩杯尺碼表^n尺碼^t上胸圍^t下胸圍^t歐碼罩杯^nS^t78^t68^t70A、70B^nM^t83^t73^t70B、70C、75A^nL^t88^t78^t70D、75B、75C、80A^nXL^t93^t83^t75C、75D、80C、85A、80B^nXXL^t98^t88^t80D、85B、85C、85D^n^n^n品牌：Under Armour^n^n^n全新正品 不正包退^n^n^n出貨前我們都會仔細檢查貨品，請不用擔心會收到瑕疵品，出貨後3-6天抵達您指定門市^n^n■出貨時間■^n^n商品下單後3-6天內會送達買家指定門市，^n^n^n■關於產地■^n^nUA主要代工廠均在東南亞等地區，主要包括越南/泰國/中國等國家地區生產^n^n^n■關於售後■^n^n 如有收到瑕疵品，請第一時間拍照我們，確認後我們會立即為您處理的唷^n^n^n^n^n^n#UA #運動內衣 #健身 #瑜伽,4653,UNDER ARMOUR 安德瑪 UA 女 瑜伽 健身 運動內衣 中強度型,"['UA', '運動內衣', '健身', '瑜伽']"
3,4646385026,269.0,286072005,,⭐️產品賣點：^n^n領部設計 型領部位小露事業線，性感凸顯胸型^n交叉設計後背 顯瘦性感，背部輪廓很好展示。^n^n^n產品資料：^n顏色分類: 黑色 白色 酒紅色 灰藍色 湖綠色 ^n面料材質: 錦綸^n插片: 棉墊^n有無鋼託: 無鋼託^n罩杯款式: 全罩杯^n裡料材質: 錦綸^n服裝款式細節: 鏤空^n肩帶樣式: 固定雙肩帶^n文胸款式: U型^n文胸尺碼: S M L XL^n運動支撐強度: 高度支撐^n適合場景：跑步、瑜伽、健身、日常內搭^n^n⭐️尺碼：^nS胸圍66-86 建議體重40-47.5kg 罩杯建議32A-34A^n M胸圍70-90 建議體重45-55kg 罩杯建議32D-36B^nL胸圍74-94 建議體重52.5-59kg 罩杯建議34D-36B^nXL胸圍78-98 建議體重57.5-62.5kg 罩杯建議36C-40B^n^n洗滌方式＆貼心提醒：^n⭐️尺寸皆為手工測量，誤差1-2cm內為正常範圍。^n⭐️若商品有些微線頭再麻煩水水自行修剪一下哦。^n⭐️勿長時間浸泡、勿使用熱水、勿使用漂白水、勿使用烘衣機。^n^n^n⚠️請特別注意⚠️^n🔺為確保商品數量完整，開箱請記得錄影以保障你我權益。^n🔺因拍攝燈光及相機顯色的關係，可能會有些色差，以實際收到物品顏色為主。^n🔺麻豆穿著效果僅供參考，畢竟每個人身材不一樣效果也會有偏差。^n🔺瑕疵定義：大片髒汙、破損、嚴重影響外觀狀況。^n^n^n⚠️現貨商品：下標後24小時內發貨，2-3天發往國際物流轉運中心，轉運中心一般4-7天左右可送達門市^n                      商品下標後2-3天經過掃描以後就會有物流信息顯示哦，請您耐心等待物流信息更新。^n^n🔺任何事情請一定聊聊溝通，我們會竭盡全力服務好你，請勿給予五星以下的差評！^n🔺大家購買之後一定要記得取件唷~,0,⭐️【外穿內搭】運動背心 女防震聚攏性感美背交叉細帶運動內衣 速幹健身房瑜伽健身文胸吊帶運動上衣,[]
4,2774394379,369.0,3102283,自有品牌,您的疑惑我們聽到了，^n特地奉上運動內衣挑選建議^n【低強度】 瑜珈、快走、重量訓練：適合「調整型背心式」，穿脫方便^n【中強度】 騎腳踏車、伸展訓練、飛輪課程：適合交叉式肩帶，穩定度中等^n【中高強度】 跑步、有氧訓練、跳繩、打籃球：寬肩帶、背後Y字，最高穩定度^n^n^n本賣場皆現貨供應，可直接下標 (熱賣商品很快缺貨，如急需建議您下標前聯絡客服人員。) ^n於每日下午七點前下單，可於當天寄出（一般例假日出貨）七點之後隔天寄出 ^n－－－－－－－－－－－－－－－^n^n^n商品說明^n【名稱】^n美背瑜珈運動內衣-中低強度慢跑專用^n^n【內容物】^n運動內衣 ｘ１^n^n特點:^n1.^t美背雙弧線設計 ^n2.^t固定式胸墊 不移動^n3.^t搭扣 自由調整鬆緊度^n^n【規格】^n 顏色:粉色，黑色，紫色，玫瑰紅色^n 尺碼: S，M，L，XL，2XL，3XL^n ^n【尺碼建議】^n此為建議，實際穿著寬鬆喜好，請依個人可增減一個尺寸^n^n【狀態】 全新未拆封^n^n【退換貨須知】^n‧賣場商品下單完成後，各項現貨將於2天內寄出。超商取貨約2-3天到貨。^n‧若是急件或有其他需求請先聊聊洽詢，由客服專員為您服務。^n‧下單前請再次確認選購的商品尺寸、顏色款式……等符合您的需求(非常建議您跟客服聊聊確認商品尺寸材質等疑問)，確認無誤後再進行下單，以免造成您後續換貨上的困擾。^n‧「鑑賞期」非「試用期」，若經拆封、使用後導致商品缺乏完整性，恕不提供退換貨服務。^n‧貼身衣物(包括內衣、毛巾、束衣褲等)產品屬個人衛生產品，拆封無猶豫期，如欲退貨請勿拆封。^n‧商品顏色尺寸難免會有些許色差或公差，如無法接受請勿下標。若產品瑕疵嚴重，請七天內與客服聯繫換貨服務。^n‧ 【現貨+發票】如需統編請下標備註^n,1818,206-【現貨+發票】【當天出貨! 34E也不用擔心 愛動女孩運動必備 !!! 大奶網眼 美背瑜珈固定式運動內衣,[]
5,2269977350,290.0,3164039,自有品牌,非常美的一款運動內衣^n雙肩帶設計 增強穩定性^n襯墊可抽取 (附襯墊)^n背扣三排三扣^n每個顏色都非常想要 ^0^^n^n^n#高強度運動內衣 #防震集中功能 #U領美背 #跑步運動瑜珈 #健身房 #歐美運動內衣 #熱賣款,4354,新款 防震集中功能 歐美高強度運動內衣 美背U領小露性感 健身房跑步運動瑜珈 美背運動內衣 J62,"['高強度運動內衣', '防震集中功能', 'U領美背', '跑步運動瑜珈', '健身房', '歐美運動內衣', '熱賣款']"
6,6617027350,29.0,77747676,自有品牌,⚠️單一尺寸^n罩杯大C以內、下胸圍75-85 cm適合（附罩杯、可替換）^n^n^n⚠️請特別注意⚠️^n🔺內衣褲屬貼身物品，除瑕疵以外不接受退換貨唷！^n🔺為確保商品數量完整，開箱請記得錄影以保障你我權益。^n🔺因拍攝燈光及相機顯色的關係，可能會有些色差，以實際收到物品顏色為主。^n🔺麻豆穿著效果僅供參考，畢竟每個人身材不一樣效果也會有偏差。^n🔺瑕疵定義：大片髒汙、破損、嚴重影響外觀狀況。^n^n🔺不符合瑕疵定義：^n1.商品洗滌後輕微褪色屬於正常現象，請於清洗時，務必分開清洗以免染色，且勿使用有漂白成分洗劑及避免長時間浸泡。^n2.商品本身味道、小線頭、輕微脫線、螢幕色差、扣眼未開、釦子沒縫緊、極小汙點、正負3cm的誤差。^n3.刷色、破洞、鬚鬚商品因工廠手工製造關係，不能保證與賣場照片完全相同。,12164,大U 修身挖背 無鋼圈內衣背心  V17吊帶背心 手掌杯集中包覆 可調肩帶 內衣背心 上薄下厚 吊帶美背運動 手托胸墊,[]
7,1832497500,240.0,3164039,自有品牌,高質量款 防震運動內衣^n不移位 不跑杯^n附可抽取胸墊^n好看美背又實穿^n真心推薦款 ^o^^n^nS碼  衣長28公分  胸圍29公分  下擺30公分^nM碼  衣長29公分  胸圍36公分  下擺32公分^nL碼  衣長30公分  胸圍38公分  下擺34公分^n^n^n#防震運動內衣 #高品質款 #附胸墊款 #運動不移位 #健身房瑜珈運動 #集中款運動內衣 #美背運動內衣,3442,高強度集中防震運動內衣 高品質高質感 舒適好穿 健身房瑜伽跑步單車 運動不移位 附可抽取胸墊 J90,"['防震運動內衣', '高品質款', '附胸墊款', '運動不移位', '健身房瑜珈運動', '集中款運動內衣', '美背運動內衣']"
8,1523048403,89.0,11075714,自有品牌,"❤️現貨無壓力莫戴爾內衣❤️ ^n🔥今年下半年度最夯的一款內衣!🔥現貨供應^n^n恭喜妳找到我們了，真的不用比了!^n^n本賣場這款銷售破萬件，因為CP值非常高^n^n回購率9成高，穿過的都說好穿😍^n^n這款版媽快生了都還在穿!^n甚至生完也還穿，直接穿著哺乳喔!!^n吼吼~這就真的不是蓋的了~我只能說一級棒!^n^n這款特別設計一體成形無鋼圈就算24小時穿著也無壓力👍^n重點是彈力佳，不易捲邊，不易下滑，不用怕移位啦!^n^n廠商已開始反應原物料成本上升~為的就是希望有更多的人可以感受到""它""的美好阿!!^n^n^n市面上雖然有很多相似的^n^n但這款真的是版媽嚴選比較出來的^n^n評價很高!重點是價格又很親民!^n^n千萬不要買到品質不優的內衣阿!😱😱😱^n^n有評價，銷售破萬件小背心舒服度極高^n^nCP值破表才是您的好選擇!^n^n^n🏆版媽還是一樣~一件100元🏆始終如一!^n^n兩件以上一件90元(給各位最大大的優惠)^n^n^n活動數量賣完馬上恢復原價哦^n^n^n^n這款雖然沒有前開扣但也很適合拿來當哺乳內衣^n^n彈性很好可以直接從前拉下喔^n^n❤️❤️❤️高CP值平價文胸 很多媽咪跟版媽一樣穿一次就超愛它，快點跟著回購團🤗❤️❤️❤️^n這回購率高達9成以上阿!^n^n🍁真的是有太多媽咪們剛拿到手試穿後，就立馬私訊版媽^n^n🍁內衣還有嗎!!我後悔沒有多買幾件~我想先買個幾件備用~^n怕之後買不到...等等等!!^n^n覺得好穿的媽咪快來幫我讚聲阿!!^n^n因爲這款這個材質版型門市販售至少賣200元，版媽利潤微薄 ~拜託請水水們下單後請記得取貨🙏感恩^n^n☀️顏色:黑 白 灰 膚^n☀️尺寸:S、M、L、XL、XXL^n^n一律不接受尺寸不合或小線頭小問題退換^n請媽咪們量好尺寸在下訂^n★★貼身衣物不退換貨/可接受者在下單★★^n★★運送過程難免會有凹痕，海綿柔軟下水清洗幾次後會慢慢恢復喔 ^n★★商品有疑慮請先聊聊溝通（24小時內回覆，假日除外）若習慣以評價溝通一律不售後服務。★★^n^n#無鋼圈內衣 ^n#無壓力莫戴爾內衣 ^n#無鋼圈內衣 ^n#無痕內衣 ^n#哺乳內衣^n#瑜珈服 ^n#瑜珈內衣^n#運動內衣 ",18818,❤️台灣現貨❤️(🎀附發票)獨家銷售破萬件，無壓力莫戴爾內衣 無鋼圈內衣 無痕內衣 哺乳內衣 運動內衣 瑜珈內衣,"['無鋼圈內衣^n', '無壓力莫戴爾內衣^n', '無鋼圈內衣^n', '無痕內衣^n', '哺乳內衣^n', '瑜珈服^n', '瑜珈內衣^n', '運動內衣']"
9,1841542750,280.0,12896244,UNDER ARMOUR(安德瑪),罩杯尺碼表^n尺碼^t上胸圍^t下胸圍^t歐碼罩杯^nS^t78^t68^t70A、70B^nM^t83^t73^t70B、70C、75A^nL^t88^t78^t70D、75B、75C、80A^nXL^t93^t83^t75C、75D、80C、85A、80B^nXXL^t98^t88^t80D、85B、85C、85D^n^n^n品牌：Under Armour^n^n^n全新正品 不正包退^n^n^n出貨前我們都會仔細檢查貨品，請不用擔心會收到瑕疵品，出貨後3-6天抵達您指定門市^n^n■出貨時間■^n^n商品下單後3-6天內會送達買家指定門市，^n^n^n■關於產地■^n^nUA主要代工廠均在東南亞等地區，主要包括越南/泰國/中國等國家地區生產^n^n^n■關於售後■^n^n 如有收到瑕疵品，請第一時間拍照我們，確認後我們會立即為您處理的唷^n^n^n^n^n^n#UA #運動內衣 #健身 #瑜伽,4653,UNDER ARMOUR 安德瑪 UA 女 瑜伽 健身 運動內衣 中強度型,"['UA', '運動內衣', '健身', '瑜伽']"
10,47290369,89.0,1466407,自有品牌,"🥇🥇🥇現貨都在台灣🥇🥇🥇⛔️⚠️⛔️^n🔥🔥🔥透氣孔款，細肩透氣孔，已經分開到另外一個賣場，歡迎詢問傳連結🔥🔥🔥^n^n✅發票：本賣場將改由蝦皮代開發票，發票將傳到您蝦皮綁定的郵箱裡，再麻煩查收謝謝^n***買十送一優惠中~~~購買滿10件隨機送1件,贈送的可選款式尺碼不挑色***^n⛔️⛔️⛔️1件89元，不是10件89元⛔️⛔️⛔️^n⛔️⛔️⛔️1件89元，不是10件89元⛔️⛔️⛔️^n⛔️⛔️⛔️1件89元，不是10件89元⛔️⛔️⛔️^n⚠️⚠️⚠️⚠️⚠️⚠️⚠️重要的說三次⚠️⚠️⚠️⚠️⚠️⚠️^n#CAROLXUN男神女神愛運動系列^n#CAROLXUN內衣系列^n^n⚠️詢問度高的問題⚠️^n1-冰絲款跟透氣款有什麼不一樣？^n答：材質都是一樣的喔！輕薄，柔軟，只是一個沒孔洞，一個有孔洞而已。^n^n冰絲 款  M~5XL  生產顏色:黑，白，膚，灰，藍，西瓜紅，紫^n^n^n買家必讀~^n1-冰絲 無縫 無痕 可拆式胸墊  輕薄 超透氣 零束縛 無鋼圈^n 結合了所有優點的運動內衣^n可穿著睡覺的內衣^n^n尺碼:  (賣場照片往左滑一下，有尺碼說明)^n內衣有附贈胸墊^nM號: 冰絲款 70/32 A~C杯(C杯喜歡略鬆可選大一碼)^nL號: 冰絲款 75/34 A~C杯(C杯喜歡略鬆可選大一碼)^nXL號: 冰絲款 80/36 A~C杯(C杯喜歡略鬆可選大一碼)^nXXL號: 冰絲款 85/38 A~C杯(C杯喜歡略鬆可選大一碼)^n3XL號: 冰絲款 90/40 A~C杯(C杯喜歡略鬆可選大一碼)^n4XL號: 冰絲款 95/42 A~C杯(C杯喜歡略鬆可選大一碼)^n5XL號: 冰絲款 100/44 A~C杯 ^n^n每個人鬆緊感受度不同，尺碼說明給美女參考用，請各位美女自行衡量。可先少量購買，喜歡穿的習慣再回購。^n^n3-此商品為衛生貼身用品，內衣類，經拆封過的衛生商品，皆不適用7天鑑賞期法規，^n除本身瑕疵外。^n^n4-每支手機顏色輸出都會有些不同，有點點色差屬正常現象，但不會差太多哦~^n5-請進入賣場皆有尺碼說明介紹，每個人鬆緊感受度不同，請各位美女們自行衡量。^n6-因利澗微薄.不敷使用盒裝.用袋裝寄送.如運送過程中擠壓到胸墊.也不影響穿著!^n^n7-胸墊是廠商免費附贈，部分胸墊邊邊有泛黃的情況，並不影響穿搭功能，為了壓低成本以甜甜價回饋給各位買家，已經無法要求廠商了.不便之處敬請見諒。^n^n💋現貨供應~~~本賣場上也另外售有薄款胸墊~加厚款胸墊~歡迎有需要的水水們一起加購哦!^n^n#冰絲內衣 #冰絲 #運動內衣 #無痕內衣 #隱型內衣 #小可愛 #涼感內衣 #無鋼圈 #可拆卸胸墊 #背心 #健身 #超薄內衣 #內衣 #超透氣  #透氣孔內衣 #睡眠內衣 ",17233,買十送一優惠中 A001  冰絲無痕內衣 可拆卸胸墊 薄款 睡眠舒適  內衣 無鋼圈 大尺碼 運動內衣 CAROLXUN,"['CAROLXUN男神女神愛運動系列^n', 'CAROLXUN內衣系列^n^n⚠️詢問度高的問題⚠️^n1-冰絲款跟透氣款有什麼不一樣？^n答：材質都是一樣的喔！輕薄，柔軟，只是一個沒孔洞，一個有孔洞而已。^n^n冰絲款M~5XL生產顏色:黑，白，膚，灰，藍，西瓜紅，紫^n^n^n買家必讀~^n1-冰絲無縫無痕可拆式胸墊輕薄超透氣零束縛無鋼圈^n結合了所有優點的運動內衣^n可穿著睡覺的內衣^n^n尺碼:(賣場照片往左滑一下，有尺碼說明)^n內衣有附贈胸墊^nM號:冰絲款70/32A~C杯(C杯喜歡略鬆可選大一碼)^nL號:冰絲款75/34A~C杯(C杯喜歡略鬆可選大一碼)^nXL號:冰絲款80/36A~C杯(C杯喜歡略鬆可選大一碼)^nXXL號:冰絲款85/38A~C杯(C杯喜歡略鬆可選大一碼)^n3XL號:冰絲款90/40A~C杯(C杯喜歡略鬆可選大一碼)^n4XL號:冰絲款95/42A~C杯(C杯喜歡略鬆可選大一碼)^n5XL號:冰絲款100/44A~C杯^n^n每個人鬆緊感受度不同，尺碼說明給美女參考用，請各位美女自行衡量。可先少量購買，喜歡穿的習慣再回購。^n^n3-此商品為衛生貼身用品，內衣類，經拆封過的衛生商品，皆不適用7天鑑賞期法規，^n除本身瑕疵外。^n^n4-每支手機顏色輸出都會有些不同，有點點色差屬正常現象，但不會差太多哦~^n5-請進入賣場皆有尺碼說明介紹，每個人鬆緊感受度不同，請各位美女們自行衡量。^n6-因利澗微薄.不敷使用盒裝.用袋裝寄送.如運送過程中擠壓到胸墊.也不影響穿著!^n^n7-胸墊是廠商免費附贈，部分胸墊邊邊有泛黃的情況，並不影響穿搭功能，為了壓低成本以甜甜價回饋給各位買家，已經無法要求廠商了.不便之處敬請見諒。^n^n💋現貨供應~~~本賣場上也另外售有薄款胸墊~加厚款胸墊~歡迎有需要的水水們一起加購哦!^n^n', '冰絲內衣', '冰絲', '運動內衣', '無痕內衣', '隱型內衣', '小可愛', '涼感內衣', '無鋼圈', '可拆卸胸墊', '背心', '健身', '超薄內衣', '內衣', '超透氣', '透氣孔內衣', '睡眠內衣']"
11,1427289121,59.0,51836194,自有品牌,❤️💛您好，歡迎光臨戀愛物語^n^n本店所有寶貝都是闆闆精挑細選^n^n保證每一件都是超級舒適、誘惑、甜蜜的性價比產品^n^n迷情睡衣、秘密花園、絲情襪意、制服誘惑等等類別滿足您的不同需求。^n^n收到貨品后有任何問題請第一時間聯繫我呢^n^n保證給您一個滿意的回復^n^n非常榮幸在成長路上能得到您的支持和鼓勵^n^n喜歡請給我點讚收藏並關注唷^n^n萬分感謝啦💕💕^n^n♚️本賣場所有商品皆現貨，可直接下標。^n^n♚️本賣場出貨包裝隱密，外包裝無任何情趣字樣或圖片，請消費者放心購買！^n^n♚️下標前請閱讀本店賣場介紹，購買即表示同意。^n^n♚️內容物：安心內衣^n^n♚️材質：錦綸/尼龍^n^n♚️尺寸建議：^n圖片中有詳細的尺碼介紹，請小仙女們以圖片里的數據作為購買參考。^n^n♚️顏色：如圖示，若有色差，以實物為準。因電腦色差等問題完美主義者慎拍。^n^n♚️注意事項：水溫低於40度手洗最佳，請勿用力搓揉，勿漂白、熨燙。^n^n♚️下標1-3天寄出，寄出5-9天到超商門市，急件，要外出，時間趕的慎拍慎拍，不接急單，包裹需要從深圳出關然後到香港坐飛機到台灣再到門市，路途遙遠，請水水們預留足夠的時間哦，感謝你們對賣場的支持，“戀愛物語”始終用心為你們服務。^n^n^n#內衣 #背心 #無痕 #一片式 #運動內衣 #隱型內衣 #塑身 #小可愛 #無鋼圈 #BRA  #超薄內衣 #涼感內衣 #睡眠內衣 #無鋼圈內衣 #安心內衣 #文胸 #瑜伽 #透氣,14075,💜戀愛物語💖日系內衣安心一代 無痕 冰絲 舒適  睡眠內衣 無鋼圈透氣轻运动 聚攏 內置胸墊 大碼內衣C237,"['內衣', '背心', '無痕', '一片式', '運動內衣', '隱型內衣', '塑身', '小可愛', '無鋼圈', 'BRA', '超薄內衣', '涼感內衣', '睡眠內衣', '無鋼圈內衣', '安心內衣', '文胸', '瑜伽', '透氣']"
12,2030613714,299.0,23817,自有品牌,📣本賣場商品皆有現貨，可直接下標📣^n「在台現貨供應、台灣寄出、免漫長等待」^n２４Ｈ內盡速為您安排出貨 💯（例假日除外）^n全館商品滿９９元超商取貨→免運費^n【立即聊聊私訊我們→領取運費折抵優惠】^n ^n🔥網拍首選旗艦店，全館折扣優惠隨時火熱更新🔥^n凡購買本賣場任何商品，滿額即可享有折扣優惠^n☆立即點選「查看賣場」索取最新折扣代碼^n ^n💰運費優惠看這邊💰^nOK超商【滿＄９９→免運費】^n萊爾富超商【滿＄１９９→免運費】^n全家超商【滿＄２９９→免運費】^n宅配【滿＄９９９→免運費】^n🌈每月運費優惠詳見蝦皮官方公告^n ^n☆致各位蒞臨網拍首選消費者☆^n我們是榮獲【蝦皮優選】銷售、服務品質第一的賣家！^n✔️絕對１００％現貨供應，免漫長等待^n✔️政府合法營業登記店家^n✔️每筆訂單開立電子發票，售後安全有保障^n✔️若需要紙本發票，可下單備註隨貨附上^n ^n────────────────────────^n#運動內衣 #無鋼圈內衣 #無鋼圈運動內衣 #全罩內衣 #吸濕排汗 #運動上衣 #運動背心 ^n ^n^n有在運動的女生不用在煩惱啦！^n^n運動時最好選擇無鋼圈的內衣，為什麼呢？^n^n因為劇烈運動使胸部晃動會引起胸部下垂；^n^n更引起懸韌帶斷裂，會造成胸部疼痛、^n^n更導致不可修復的傷害^n^n也因為運動時熱能與汗水無法排出，導致毛孔阻塞^n^n所以選擇好的運動內衣，是非常重要的！^n^n此款以全罩杯包覆設計，下擺加寬更能固定加強支撐，^n^n降低震動與拉扯無鋼圈，不會對乳腺產生壓迫，^n^n而導致經脈流通不順問題。使用錦綸纖維吸汗能力，^n^n高於其他普通纖維，材質韌性十足，怎麼拉扯都不易變形^n^n眉眉更不用擔心沒鋼圈穿起來很沒安全感的問題！^n^n此款無鋼圈具有支撐包覆性，讓妳運動自在，舒適^n^n高強度保護，適合各種運動穿搭，慢跑、瑜珈、^n^n跳舞、騎車、羽球、健身、藍球.....等^n^n^n^n試穿建議參考：^n^n【Ｓ號】建議體重：40 ~50公斤^n下胸圍70-75cm，適合胸圍80-85cm^n內衣尺碼換算：70/32(ABC) ~75/34A^n^n【Ｍ號】建議體重：50 ~55公斤^n下胸圍75-80cm，適合胸圍85-93cm^n內衣尺碼換算：75/34(BCD) ~80/36A^n^n【Ｌ號】建議體重：56 ~65公斤^n下胸圍80-85cm，適合胸圍92-100cm^n內衣尺碼換算：80/36(BCDE) ~85/38(ABC)^n^n【ＸＬ號】建議體重：65 ~78公斤^n下胸圍85-90cm，適合胸圍100-107cm^n內衣尺碼換算：85/38(DE) ~90/40(ABCD)^n^n【２ＸＬ號】建議體重：79 ~95公斤^n下胸圍90-95cm，適合胸圍105-113cm^n內衣尺碼換算：90/40E ~95/42(ABCD)^n^n────────────────────────^n^n✎客服服務✎^n  ^n線上快速諮詢，有問題歡迎詢問，專人在線為您服務。^n收到商品時如發現異常，請拍照片傳至聊聊，^n客服人員上班時間會馬上為您處理。^n服務時間：週一至週五09：00~18：00^n客服電話：(03)2161370^n ^n⛔請勿使用評價溝通⛔^n若有任何問題都請聊聊私訊客服協助您處理喔~,1585,【現貨-免運費！台灣寄出】超舒適 運動內衣 無鋼圈內衣 健身內衣 輕感防震 內衣 全罩內衣 吸濕排汗 運動上衣 運動背心,"['運動內衣', '無鋼圈內衣', '無鋼圈運動內衣', '全罩內衣', '吸濕排汗', '運動上衣', '運動背心^n^n^n有在運動的女生不用在煩惱啦！^n^n運動時最好選擇無鋼圈的內衣，為什麼呢？^n^n因為劇烈運動使胸部晃動會引起胸部下垂；^n^n更引起懸韌帶斷裂，會造成胸部疼痛、^n^n更導致不可修復的傷害^n^n也因為運動時熱能與汗水無法排出，導致毛孔阻塞^n^n所以選擇好的運動內衣，是非常重要的！^n^n此款以全罩杯包覆設計，下擺加寬更能固定加強支撐，^n^n降低震動與拉扯無鋼圈，不會對乳腺產生壓迫，^n^n而導致經脈流通不順問題。使用錦綸纖維吸汗能力，^n^n高於其他普通纖維，材質韌性十足，怎麼拉扯都不易變形^n^n眉眉更不用擔心沒鋼圈穿起來很沒安全感的問題！^n^n此款無鋼圈具有支撐包覆性，讓妳運動自在，舒適^n^n高強度保護，適合各種運動穿搭，慢跑、瑜珈、^n^n跳舞、騎車、羽球、健身、藍球.....等^n^n^n^n試穿建議參考：^n^n【Ｓ號】建議體重：40~50公斤^n下胸圍70-75cm，適合胸圍80-85cm^n內衣尺碼換算：70/32(ABC)~75/34A^n^n【Ｍ號】建議體重：50~55公斤^n下胸圍75-80cm，適合胸圍85-93cm^n內衣尺碼換算：75/34(BCD)~80/36A^n^n【Ｌ號】建議體重：56~65公斤^n下胸圍80-85cm，適合胸圍92-100cm^n內衣尺碼換算：80/36(BCDE)~85/38(ABC)^n^n【ＸＬ號】建議體重：65~78公斤^n下胸圍85-90cm，適合胸圍100-107cm^n內衣尺碼換算：85/38(DE)~90/40(ABCD)^n^n【２ＸＬ號】建議體重：79~95公斤^n下胸圍90-95cm，適合胸圍105-113cm^n內衣尺碼換算：90/40E~95/42(ABCD)^n^n────────────────────────^n^n✎客服服務✎^n^n線上快速諮詢，有問題歡迎詢問，專人在線為您服務。^n收到商品時如發現異常，請拍照片傳至聊聊，^n客服人員上班時間會馬上為您處理。^n服務時間：週一至週五09：00~18：00^n客服電話：(03)2161370^n^n⛔請勿使用評價溝通⛔^n若有任何問題都請聊聊私訊客服協助您處理喔~']"
13,2346011551,38.0,145200071,自有品牌,❤  商品詳情^n罩杯裡料：錦綸^n功能：運動^n罩杯款式：3/4^n有無鋼圈：無鋼圈^n文胸風格：運動^n服裝款式細節：一片式^n^n❤  商品尺寸^n均碼（40-75公斤）^n^n❤  關於賣場優惠^n1~賣場有折扣券喔，水水們下標前可進行領取^n2~新買家關注本店，首單立減10元，詳情請在下標前咨詢客服^n3~凡是五星好評的買家，回購可多領取10元折扣喔，詳情請在下標前咨詢客服^n^n❤  關於產品^n此產品畢竟是人工車縫，不同批次生產，可能會有一小部分存在些許誤差（但差異不大），介意者請勿下標^n^n📣  關於產品下標後進行備註^n部分需要備註尺碼或者顏色的產品，水水們下標後請一定記得備註，也可以直接在聊聊發送給客服（請正確備註尺碼或者顏色，產品沒有的尺碼或者顏色請勿進行備註）；如未備註，將會影響發貨時間！^n^n📣  關於取貨^n請各位水水們下標之前，確定是否會因為某些原因無法進行取貨（如：不在當地無法進行取貨），如無法進行取貨，請勿下標，謝謝！^n^n💖  關於評價^n1~如果水水們收到商品後滿意的話，希望給五星好評支持一下我們喔^n2~如果收到商品不滿意或者有其他問題可以聊聊聯繫我們客服的，懇請不要給五星以下的評價喔，我們會處理好您遇到的問題的^n^n💖  關於客服^n客服在線時間：8:30-23:30，如有任何問題，歡迎隨時咨詢^n^n#韓妞必備 #女生衣著 #性感 #平口小可愛 #無鋼圈內衣 #防走光 #小背心 #流行內衣 #現貨 #運動內衣 #性感 #內搭 #內睡衣 #透氣 #韓版 #抹胸 #性感內搭 #無肩帶抹胸 #簡約,4488,現貨 免運 抹胸一片式運動無痕文胸 內衣女生聚攏防震無鋼圈胸罩 無痕大碼跑步背心式健身瑜伽睡眠文胸 一片式防走光,"['韓妞必備', '女生衣著', '性感', '平口小可愛', '無鋼圈內衣', '防走光', '小背心', '流行內衣', '現貨', '運動內衣', '性感', '內搭', '內睡衣', '透氣', '韓版', '抹胸', '性感內搭', '無肩帶抹胸', '簡約']"
14,2202650617,187.0,45686692,自有品牌,🈵️299免運✈️ 更多優惠查看賣場首頁^n^n👗後四排搭扣內衣👗^n^n5月17日 現貨！現貨！現貨！重要的事情說三遍~^n4月7日 紅SML黑M補各10件，無logo^n4月2日 紅SM已斷貨 黃S出貨^n3月30日 黃MLXL出貨^n3月29日 綠XL出貨^n3月26日 紅S出貨^n3月25日 紅ML出貨 綠SML出貨^n3月5日黃色紅色綠色預售出貨日期3月20日^n2月27日訂單金額滿699送口罩一只^n2月13日最新消息，賣場現貨部分恢復發貨，大家可以放心下單了^n2月2日由於新型肺炎，工廠還沒復工，大家盡量選擇黑籃粉下單，黃紅綠三個顏色如遇斷貨會改其他顏色，抱歉^n12月30日藍色XL已出貨 新增三個顏色，黃色、棕紅、綠色，實拍圖有輕微色差在可接受範圍內^n^n薄胸墊在賣場運動配件分類，有需要自行加購^n^n讓人感到安心的一款運動內衣^n寬排扣設計，運動穿脫更方便^n緊緊鎖住下胸圍更加舒適穩定^n背後交叉肩帶，美背線條抵擋不住讓人忍不住多看兩眼^n清爽的顏色上身不乏氣質^nU型領部小露事業線，性感凸顯胸型^n可拆卸棉墊，更貼合身形不易變形清洗方便^n單穿或者作為搭配都是不錯的選擇^n^n材質：錦綸^n胸墊：可拆卸^n罩杯：全罩杯^n有無鋼托：無^n肩帶樣式：固定雙肩帶^n搭扣排數：後四排搭扣^n功能：定型 美背 集中 運動^n顏色：藍色 黑色 粉色 黃色 棕紅 綠色^n尺碼：S M L 新增XL^n^n尺碼信息^nS  胸圍62-84  衣長29^nM  胸圍66-88  衣長30^nL  胸圍70-92  衣長31^nXL  胸圍74-96  衣長32^n^nS建議體重95斤以下 平日內衣尺碼70/32ABC^nM建議體重95-108斤 平日內衣尺碼70/32D，75/34ABCD，80/36AB^nL建議體重108-120斤 平日內衣尺碼80/36CD，85/38AD^nXL建議體重120-140斤 平日內衣尺碼85DE，90ABCD，95AB^n^n^n📣📣購前須知^n【店配】一般5天到台灣  【宅配】一般3天到台灣，部分需要5天^n ^n⭐店配首頁【711】，次選【全家】，勿選【萊爾富】超慢^n^n1、碧影是大陸賣家，包裹從大陸浙江寄出，出貨天數分為3天 7天兩種（現貨 預購），到達蝦皮圓通倉庫顯示後才會出貨哦，^n^n2、報關以後經空運，到台灣過海關，才會抵達超商取件門市，路途遙遠，一般需要5天時間，所以請水水們預留足夠的時間取貨^n^n3、不接急单，趕時間，急用請慎拍哦，包裹一旦寄出無法退回^n^n4、商品因批次不同，會有色差或尺寸上略有不同，這是無法避免的，介意者請深思！^n^n⛔️⛔️訂單提示的完成付款，與蝦皮承諾时效等時間不是取貨時間，取貨時間不能延長，一定要在收到簡訊規定時間內取貨哦，感謝！^n商品因批次不同，會有色差或尺寸上略有不同，這是無法避免的，介意者請深思！^n#運動內衣 #瑜伽上衣 #跑步 #防震運動內衣 #運動內衣高強度 #無鋼圈內衣 #背心 #美背 #易穿脫 #內衣 #集中 #聚攏 #定型 #大胸 #重訓 #健身 #挖背 #運動上衣女,4391,【碧影運動】易穿脫運動內衣女生跑步高強度防震內衣集中聚攏後四排搭扣可調節健身美背內衣速乾無鋼圈內衣瑜伽上衣健身背心,"['運動內衣', '瑜伽上衣', '跑步', '防震運動內衣', '運動內衣高強度', '無鋼圈內衣', '背心', '美背', '易穿脫', '內衣', '集中', '聚攏', '定型', '大胸', '重訓', '健身', '挖背', '運動上衣女']"
15,3700961123,108.0,20162694,自有品牌,"1010^n^n【溫馨提示】：為避免超材，購買多件商品清注意分開訂單下單，否則包裹超體積無法配送^n秋季/冬季商品體積大，需謹慎分開下單，有疑問請諮詢^n^n^n【材質】：棉+聚酯纖維+其他成分^n僅供參考 不做實際標準^n^n【買家須知】^n【1】新客戶關註賣場並點贊商品三個以上，可優惠減$10呦 ^^^n【2】凡是五星好評+上傳好看的買家秀，回購可聊聊領取折扣~^n【3】賣場均為現貨，下單48小時內出貨，正常5-7天到貨。^n【4】發出後壹般不支持取消更改訂單，如需取消訂單請在12小時之內聯繫客服。^n【5】本賣場商品廠家直銷，批發價，物美價廉，支持711全家 黑貓宅配 貨到付款^n【6】如果取貨後有問題，少發貨、物流慢、有瑕疵，歡迎隨時聯繫我們處理，謝謝。^n^n尺寸（單位：cm）:^n衣長30（含肩帶） 胸圍66-104^n^n◆備註：手工測量   單位：cm^n^n因測量方法不同，允許3-5CM的誤差,誤差範圍內不屬於質量問題！^n^n因拍攝燈光原因和顯示器不同，可能會與圖色有所區別，請以實物爲準！",49,[兩件199]  內衣 運動內衣 無痕內衣 薄款 裹胸 純色 韓版純色透氣薄款裹胸無痕運動內衣抹胸,[]
16,1537877846,69.0,16222270,自有品牌,#運動內衣 #可外穿內睡衣 #內衣 #字母背心 #學生內衣 #無鋼圈^n^n均碼 ^n上胸圍66cm^n下胸圍60cm^n衣長27cm^n適合胸圍68~98cm^n體重約70公斤內,2352,運動內衣 可外穿 無鋼圈舒適透氣 學生內衣 少女,"['運動內衣', '可外穿內睡衣', '內衣', '字母背心', '學生內衣', '無鋼圈^n^n均碼^n上胸圍66cm^n下胸圍60cm^n衣長27cm^n適合胸圍68~98cm^n體重約70公斤內']"
17,3620927140,100.0,6009325,自有品牌,🔺尺碼^n^n一般尺碼：建議32-36（ABC罩杯可）^n加大尺碼：建議38-40（ABC罩杯可）^n^n歡迎私下聊聊唷！ 或若有需要建議也可以詢問賣家唷❤️  ^n^n（本賣場產品屬於貼身衣物 為了顧及衛生安全考量 不參加蝦皮7日鑑賞期規範，除非是商品本身瑕疵哦！下單前請先考慮清楚唷🤗） ,496,🌺四千金🌺 運動內衣 U型美背 👍背部䄛空透氣設計，活動罩杯🔺一字型罩杯！🉑集中🉑包覆🉑穩定,[]
18,457387621,49.0,16302335,,請點選→    #CeleBrity內衣褲小舖     ※商品更多唷※^n ^n材質：錦綸86% 氨綸14%^n厚薄：薄 一片式內墊^n內衣尺寸：Free ABC通杯  (胸圍32吋-36吋都可穿) ^n                  加大 CDE通杯  (胸圍38吋-44吋都可穿)^n內衣下圍平量：Free  平量約32公分  拉伸+15CM   ^n                           加大 平量約35公分  拉伸+15CM^n^n內褲尺寸：FREE  腰围平铺：27*2cm  中長：22cm  ^n                              適合腰圍：22腰~30腰^n                     加大 腰圍平鋪：31*2cm 中長：27cm^n                             適合腰圍：28腰~38腰^n內褲顏色：黑色  白色  淺紫  膚色  淺藍  淺灰   共5色^n^n內衣顏色:^n1.白色 2.黑色 3.膚色 4.粉橘色 5.淺綠色 6.淺藍色 7.淺紫色 8.淺灰色^n※下單前請備註 顏色任選^n^n👉零束縛無痕有氧內衣，穿貼身衣也不會有痕跡^n👉獨特氣孔，抗菌抑菌，不刺激^n👉親膚無刺激，無痕不緊勒，不捲邊^n👉可當學生內衣，貼身無痕不尷尬^n👉彩用新型內衣褲設備製造，約10000個透氣小孔，透氣不透肉^n👉內衣胸墊加強，不易變形，讓胸部更堅挺^n^n平價品牌^t^t^t^t^n貼心叮鈴：內衣褲屬貼身衣物，勿跟外衣褲清洗，深色產品易褪色煩請另泡水後洗淨。,1125,Celebity現貨 【超舒柔超透氣 冰涼材質】透氣 舒適 彈性 瑜珈 運動 無痕 無縫 內衣 8色 內襯可拆,['CeleBrity內衣褲小舖※商品更多唷※^n^n材質：錦綸86%氨綸14%^n厚薄：薄一片式內墊^n內衣尺寸：FreeABC通杯(胸圍32吋-36吋都可穿)^n加大CDE通杯(胸圍38吋-44吋都可穿)^n內衣下圍平量：Free平量約32公分拉伸+15CM^n加大平量約35公分拉伸+15CM^n^n內褲尺寸：FREE腰围平铺：27*2cm中長：22cm^n適合腰圍：22腰~30腰^n加大腰圍平鋪：31*2cm中長：27cm^n適合腰圍：28腰~38腰^n內褲顏色：黑色白色淺紫膚色淺藍淺灰共5色^n^n內衣顏色:^n1.白色2.黑色3.膚色4.粉橘色5.淺綠色6.淺藍色7.淺紫色8.淺灰色^n※下單前請備註顏色任選^n^n👉零束縛無痕有氧內衣，穿貼身衣也不會有痕跡^n👉獨特氣孔，抗菌抑菌，不刺激^n👉親膚無刺激，無痕不緊勒，不捲邊^n👉可當學生內衣，貼身無痕不尷尬^n👉彩用新型內衣褲設備製造，約10000個透氣小孔，透氣不透肉^n👉內衣胸墊加強，不易變形，讓胸部更堅挺^n^n平價品牌^t^t^t^t^n貼心叮鈴：內衣褲屬貼身衣物，勿跟外衣褲清洗，深色產品易褪色煩請另泡水後洗淨。']
19,2081313490,680.0,81130315,自有品牌,      極細肩帶搭配Bra top造型^n      下擺加長可以直接外出單穿^n      像背心一樣不害羞的運動內衣^n      平時可搭配罩衫當作休閒穿搭單品^n      搭配時若需短版一點可自行將下擺內摺^n^n      商品顏色  黑/白/紅酒漿果/可可拿鐵/霧灰藍^n      低強度/內襯可拆兩片式^n^n      商品長度/中長版^n      商品版型/適中^n      商品彈性/良好^n      商品厚薄/適中^n^n      素材產地 / China^n      加工產地 / China^n^n      尼龍/Nylon  87%^n      氨綸/Spandex   13%^n^n^n      建議單獨洗滌^n      不可使用熨斗整燙^n      不可使用漂白劑、螢光增白劑及衣物柔軟劑^n      不可乾洗、烘乾、濕放，避免衣物縮水變形^n      深淺色衣物不可同時洗滌避免互相移染^n      洗滌時水溫需低於30℃以下且不宜久浸^n      襯墊建議抽出後放入細網洗衣袋單獨洗滌^n^n      封面Model：Nicole / Instagram：nicole_y91^n^n      #美背 #歐美 #塑腰 #顯瘦 #交叉 #運動內衣  #運動背心 #背心 #辣妹 #性感 #素色 #細肩帶 ,5607,現貨🔥極細交叉長版運動內衣,"['美背', '歐美', '塑腰', '顯瘦', '交叉', '運動內衣', '運動背心', '背心', '辣妹', '性感', '素色', '細肩帶']"
20,1340426794,139.0,20036,自有品牌,❗️為響應環保，節省包材，若訂單商品之金額(不含運費)未滿$100元 無出貨~系統會刪除訂單，請大家注意哦，感恩!^n^n❗️為響應環保，節省包材，若訂單商品之金額(不含運費)未滿$100元 無出貨~系統會刪除訂單，請大家注意哦，感恩!^n^n❗️為響應環保，節省包材，若訂單商品之金額(不含運費)未滿$100元 無出貨~系統會刪除訂單，請大家注意哦，感恩! ~^n^n^n💖 💖 💖JCH.tw 💖 💖 💖 ^n本賣場💯台灣出貨 已完成國稅局登記，隨貨附發票^n^n🔥折扣優惠隨時火熱更新🔥 ^n凡購買本賣場內任何商品，即可享有折扣優惠活動 ^n最高可折現金$200元哦~~~^n立即索取最新優惠折扣代碼，點選「查看賣場」☆^n^n📣 運費優惠看這邊 📣 ^n全館消費🈵️額享有  「OK超取」、「萊爾富超取」、「全家超取」、免運費 就是免運費^n      記得於結帳前 要((使用運費優惠卷哦))!!!         對對對~~記得同時還能使用折扣碼 讓您省更多^0^^n^n「台灣賣家含稅開發票」 台灣賣家 品質保證  售後服務有保障^n★★★ 含稅隨貨附上二聯發票，若需要三聯式打統編的請一定要於下單時備註您的抬頭統編★★^n★★★台灣賣家 台灣出貨 隨貨附上發票 讓您買的安心 用的放心★★★^n^n必看~~~~~~~~~~~~~~~~~~~~~~~~~~~~~~~~~~~~~~~~~~~~~~~~~~~~~~~~~~~~^n✓我們是台灣賣家 我們保證 台灣出貨 售後服務有保障^n✓我們是台灣賣家 我們保證 出貨一個一個檢查^n✓我們是台灣賣家 我們保證 標示有現貨的出貨後2~3天讓您收到(例假日除外)^n-------------------------------------------------------------------------^n✘我們不是海外賣家 我們不會 售後服務沒有保障^n✘我們不是海外賣家 我們不會 標示現貨但讓您10天後才收到^n✘我們不是海外賣家 我們不會 你圖片上看到的和您收到的不一樣^n--------------------------------------------------------------------------^n千萬、真的不要為了省幾十元 去買海外賣家的商品^n有可能拿到和圖片上看到不一樣 ^n海外賣家退貨還會叫你自費寄回大陸 ^n千萬，真的不要再受騙上當了^n我們保證 台灣賣家 台灣出貨 售後服務一切都有保障^n----------------------------------------------------------------------------^n^n「剛下班、天氣微涼，正好可以慢跑回家！」、^n「離晚上的聚會還有點空閒，到健身房運動一下！」^n當運動風氣成為時尚的一環，已經有越來越多女生習慣這樣的生活型態，^n連帶流行也跟著改變，但是女生們紛紛換上寬鬆的oversize裝扮；^n穿上球鞋的同時，妳的內在美跟上了嗎？ ^n^n沒想到運動內衣也能這麼時尚 ^n讓人每天都想穿！這就是運動內衣的魔力^n^n無痕內衣 無法抗拒 的魅力^n貼身衣著輕鬆駕馭！無痕內衣的杯緣平順，完美隱藏尷尬內衣痕，讓妳美的不著痕跡！^n不論是上班還是約會，穿上無痕內衣一件搞定。^n^n內衣本身有附胸墊^n也可於「加價購」加購 ~上帝之手雙捧式胸墊~依個人需求^n^n----------------------------------------------------------------------------^n^n貼心提醒:清洗建議手洗，水溫控制在20-32度不能高，因為此為訂制高溫壓膠制程，;才能如此舒服的無鋼圈又包覆，若清洗時水太燙溫過高或用洗衣機洗可能會影響到商品本身，導至內衣損壞， 也不能浸泡太久哦，用清水手洗幾下，就可以曬乾嚕^^^n^n📢 📢 📢注意📢 📢 📢^n依照消保法，內衣、內褲、貼身衣物等商品(亦指本商品屬個人衛生用品)^n拆封無7天猶豫期，如欲退貨請勿拆封，謝謝合作。^n^n【客服諮詢】:^n ‧線上快速諮詢，有任何問題歡迎詢問，善用聊聊，有專人在線為您服務。 ^n‧如收到產品時發現產品異常，請拍商品照片和貨單，傳至聊聊，客服人員上班時間會馬上為您處理。^n ‧聊聊訊息大量，客服人員依序處理，如有怠慢，請您稍微等待，請勿用評價作溝通管道哦!^n ‧喜歡我們商品與服務，歡迎給我們滿滿★★★★★顆星哦! ^n‧商品持續上新，歡迎追蹤 +關注^n^n^n⛔請勿使用評價溝通⛔^n若有任何問題都請聊聊私訊客服協助您處理喔!^n再次感謝您的支持與訂購^0^,6241,免運費台灣現貨附發票【運動內衣】 也能如此時尚 無痕內衣 女生內衣 睡覺穿 無鋼圈內衣 學生內衣 瑜珈 健身 韓版,[]
21,1044785924,45.0,8436551,自有品牌,尺寸：長27 上胸圍66 下胸圍60 建議胸圍92內^n胸墊可拆^n⋯⋯⋯⋯⋯⋯⋯⋯⋯⋯⋯⋯⋯⋯⋯⋯⋯⋯⋯⋯⋯⋯⋯^n預購商品平均10-14天內送達，不接急單^n圖片清晰100%實拍，實物和圖片一樣^n收到後有問題可聊聊提出，直接給予差評者將取消退換貨服務^n#跑步 #性感 #無鋼圈 #胸罩 #內衣 #文胸 #運動內衣 #透氣 #歐美 #學生內衣 #美背,3225,夢幻拉拉♥【現貨促銷】跑步 性感 無鋼圈胸罩 一片式文胸 防滑運動內衣 冰絲透氣字母交叉美背內衣 學生內衣A00044,"['跑步', '性感', '無鋼圈', '胸罩', '內衣', '文胸', '運動內衣', '透氣', '歐美', '學生內衣', '美背']"
22,1394209862,249.0,47900723,,"此款有兩個尺碼。請看清尺碼再購買喔~尺碼都是圖片後面。^n此款有兩個尺碼。請看清尺碼再購買喔~尺碼都是圖片後面。^n此款有兩個尺碼。請看清尺碼再購買喔~尺碼都是圖片後面。^n【支援7-11蝦皮物流出貨】^n【支援全家蝦皮物流出貨】^n【支持超商取貨付款】^n【支持黑貓貨到付款】^n"" 保證店長親自挑貨 ""^n"" 保證商品實物拍攝 ""^n"" 保證商品品質管制 ""^n^n超級無敵舒服^n有關尺碼及是否有貨：留言身高和體重給我們。我們會給你建議適合的尺寸。只要能下標的碼數都是有貨的，買家直接下標就可以了。^n^n出貨時間：正常下標後2-3天寄出，5-7天可以收到，如特殊情況會另行通知。^n最後祝大家購物愉快~謝謝！^n商品難免會有些微瑕疵並非我們所能控制^n下標前請先詢問是否還有現貨，多方平臺同步販售，尺寸無法隨時更新^n為了避免交易期間發生不愉快的糾紛，有任何問題請在下標購買前詢問清楚^n^n#非凡運動館 ^n#文胸^n#女生^n#運動內衣^n#健身^n#瑜伽^n#吊帶^n#吊帶上衣^n#透氣^n#排汗",969,女 運動內衣 文胸  女款 健身 瑜伽 運動 速乾衣bra 透氣排汗 中強度型 拳擊慢跑籃球不走位型,"['非凡運動館^n', '文胸^n', '女生^n', '運動內衣^n', '健身^n', '瑜伽^n', '吊帶^n', '吊帶上衣^n', '透氣^n', '排汗']"
23,1754496275,79.0,62977101,自有品牌,未滿一百元之訂單(不含運費)．將取消無法出貨．請見諒^n^n美翻天❣️台灣現貨即出👍^n^n美背款❣️運動內衣✨透氣 舒適 吸汗 柔軟✨^n^n尺寸：^n均碼32-36^n^n顏色：黑、白、灰^n^n因衛生考量，貼身衣物恕不接受退換貨服務‼️^n^n有任何問題歡迎聊聊😊,249,爆單款美翻天🥰台灣現貨即出👍美背款 運動內衣 透氣 舒適 吸汗 柔軟✨,[]
24,1231640945,35.0,73256130,自有品牌,此款為均碼，^n英文帶內衣尺碼：^n上胸圍：66cm    下胸圍：60cm   衣長：27cm    建議胸圍：68-98cm^n^n降落傘內衣尺碼：^n上胸圍：66cm    下胸圍：60cm   衣長：27cm    建議胸圍：92cm^n^n手動測量，可能存在1-2cm差距，請諒解。^n如果不知道內衣尺碼的MM 可以參考身高 ：155-175CM 體重：90-135斤^n^n環肥燕瘦皆相宜 尺碼也只是推薦^n^n適合多種場合穿戴：居家 睡眠 運動 瑜伽 打球 體檢（無磁無鐵）^n👇🏻👇🏻👇🏻👇🏻👇🏻👇🏻👇🏻👇🏻👇🏻👇🏻👇🏻👇🏻👇🏻👇🏻👇🏻👇🏻^n^n💋  #萬芸 👈👈👈 請點我 👀^n💋  #WY 👈👈👈 請點我 👀^n💋  #內衣 👈👈👈 請點我 👀^n💋  #萬芸內衣 👈👈👈 請點我 👀^n💋  #萬芸無鋼圈內衣 👈👈👈 請點我 👀^n💋  #WY內衣 👈👈👈 請點我 👀^n💋  #万芸 👈👈👈 請點我 👀^n💋  #運動內衣 👈👈👈 請點我 👀^n💋  #睡眠內衣 👈👈👈 請點我 👀^n^n👆🏻👆🏻👆🏻👆🏻👆🏻👆🏻👆🏻👆🏻👆🏻👆🏻👆🏻👆🏻👆🏻👆🏻👆🏻👆🏻^n#背心 #韓版 #瑜伽 #小吊帶 #美背 #百搭 #英文字母 #內搭 #小可愛,2991,【萬芸】下殺價 小可愛傘型內衣 透氣吊帶美背內搭吊帶背心衫女打底修身裹胸抹胸短款外穿露背瑜伽運動女生衣著,"['萬芸👈👈👈請點我👀^n💋', 'WY👈👈👈請點我👀^n💋', '內衣👈👈👈請點我👀^n💋', '萬芸內衣👈👈👈請點我👀^n💋', '萬芸無鋼圈內衣👈👈👈請點我👀^n💋', 'WY內衣👈👈👈請點我👀^n💋', '万芸👈👈👈請點我👀^n💋', '運動內衣👈👈👈請點我👀^n💋', '睡眠內衣👈👈👈請點我👀^n^n👆🏻👆🏻👆🏻👆🏻👆🏻👆🏻👆🏻👆🏻👆🏻👆🏻👆🏻👆🏻👆🏻👆🏻👆🏻👆🏻^n', '背心', '韓版', '瑜伽', '小吊帶', '美背', '百搭', '英文字母', '內搭', '小可愛']"
25,2035498487,59.0,8212252,自有品牌,品名：發育期少女運動文胸 學生內衣^n尺碼：均碼^n內衣尺吋：^n        衣長：平鋪約27公分 彈性可拉伸^n        胸圍：平鋪約31公分 * 2    彈性可拉伸 ^n^n商品說明：面料彈性極佳，一般發育期女生都可以穿，但過胖妹妹不適合哦~  ^n ^n參考年齡建議10~18歲的發育期少女，身高145~162以內，胸圍60~86CM以內，仍需依實際胸圍選購，，此項僅作為參考~^n,463,中小學生運動內衣 少女運動文胸 純色發育期小背心 無鋼圈可拆海綿墊學生內衣,[]
26,1002092129,199.0,8318097,粉紅拉拉,🤼‍♀ 🤼‍♀ 7月全民瘋運動 🤼‍♂ 🤼‍♂ ^n更多 『完美健身LOOK』 ^n請點 👉  #粉紅拉拉完美健身^n⚡️ ⚡️ ⚡️ 超好康活動至 8/18(二) 23:59 ⚡️ ⚡️ ⚡️^n^n❣ ❣  必購特點 ❣ ❣ ^n升級『雙層』罩杯，外層前置拉鍊 (加強穩固雙峰)，確保運動時不位移^n內層罩杯有罩前扣設計，除了方便穿脫，更加強運動內衣的集中效果^n人性化的拉鍊內襯布條和防刮包，有效防止皮膚接觸和摩擦。^n加寬肩帶 ~ 減輕運動時的肩膀壓力 !^n專業運動網眼面料，吸濕排汗，透氣性佳 👍 👍 ^n只要一件解决 瑜珈 健身 運動 跑步 日常休閒需求。^n^n● 三種尺寸:S號 M號 L號^n⚠️ 最後一張圖片有該款的詳細尺寸說明&商品介紹^n● 三色:桃色/黑色/橘色^n● 材質:棉+聚脂纖維^n● 產地:中國製^n^n『魅力前扣Ｈｅｎ集中』 更多請點 👉 #粉紅拉拉前扣款^n^n#雙層罩杯 #前拉鍊 #前扣  #集中 #運動內衣 #無鋼圈 #有胸墊  #美背 #運動內衣 #運動背心 ,2904,粉紅拉拉【PLG805】前扣+前拉鍊運動內衣 雙層罩杯 加強集中爆乳  無鋼圈有胸墊 美背設計 運動背心,"['粉紅拉拉完美健身^n⚡️⚡️⚡️超好康活動至8/18(二)23:59⚡️⚡️⚡️^n^n❣❣必購特點❣❣^n升級『雙層』罩杯，外層前置拉鍊(加強穩固雙峰)，確保運動時不位移^n內層罩杯有罩前扣設計，除了方便穿脫，更加強運動內衣的集中效果^n人性化的拉鍊內襯布條和防刮包，有效防止皮膚接觸和摩擦。^n加寬肩帶~減輕運動時的肩膀壓力!^n專業運動網眼面料，吸濕排汗，透氣性佳👍👍^n只要一件解决瑜珈健身運動跑步日常休閒需求。^n^n●三種尺寸:S號M號L號^n⚠️最後一張圖片有該款的詳細尺寸說明&商品介紹^n●三色:桃色/黑色/橘色^n●材質:棉+聚脂纖維^n●產地:中國製^n^n『魅力前扣Ｈｅｎ集中』更多請點👉', '粉紅拉拉前扣款^n^n', '雙層罩杯', '前拉鍊', '前扣', '集中', '運動內衣', '無鋼圈', '有胸墊', '美背', '運動內衣', '運動背心']"
27,2909865304,200.0,6780865,自有品牌,"❤可調節高強度美背運動內衣❤ 運動內衣 防震瑜伽運動內衣 美背內衣 健身內衣 無鋼圈內衣^n^n☑採用拼接剪裁，不僅提高防震性能，還可以護胸^n^n☑背帶是裸空設計，貼合背部線條^n^n☑加寬底圍增加穩定性，防震效果提升^n^n☑輕薄速乾的面料，吸汗快速，夏季運動體驗舒適感全面提升^n^n^n顏色都超好看不挑人，而且都很襯膚色唷^n^n此款設計貼合身型更加顯瘦^n^n^n S:適合胸圍62~84cm,平放胸圍33cm 下胸圍28 衣長30cm (適合尺寸70A-D / 75A-B)^n^n M:適合胸圍66~88cm,平放胸圍35m 下胸圍30 衣長31cm (適合尺寸75B-D / 80A-C)^n^n L:適合胸圍70~92cm,平放胸圍37cm 下胸圍32 衣長32cm (適合尺寸80C-D / 85A-D)^n^nXL:適合胸圍74~96cm,平放胸圍39cm 下胸圍34 衣長33cm (適合尺寸85D / 90A-D)^n^n^n^n商品為平放測量因測量方式不同有所誤差 正常誤差範圍1-3公分^n^n^n材質：錦綸/尼龍^n^n#運動內衣^n#健身內衣^n#防震內衣^n#無鋼圈 #無鋼圈內衣 #減震內衣 #瑜珈內衣 #美背 #健身 #跑步 #重訓 #集中 #瑜珈 #空中瑜珈 #無痕^n^n",1002,❤可調節高強度美背運動內衣❤ 運動內衣 防震瑜伽運動內衣 美背內衣 健身內衣 無鋼圈內衣,"['運動內衣^n', '健身內衣^n', '防震內衣^n', '無鋼圈', '無鋼圈內衣', '減震內衣', '瑜珈內衣', '美背', '健身', '跑步', '重訓', '集中', '瑜珈', '空中瑜珈', '無痕^n^n']"
28,1921149830,199.0,10901698,自有品牌,台灣設計監製 完美律動 防擴!!零著感罩杯式無鋼圈運動內衣 美胸衣 透氣 吸濕排汗 竹碳纖維 除臭(M-XL)#521^n^n運動款率性撞色風格，全新配色防震型內衣^n無鋼圈，防外擴設計，立體圓弧裁剪，彈性特優、貼身舒適，穩定集中不變形^n立體式的杯型剪裁，服貼胸型並隨著胸型做立體撐托^n腋下有防止流汗加工處理 透氣性佳、通風快乾^n內裡採用一體成型立體無痕杯模，添加竹紗纖維，乾爽舒適/抗菌除臭，雙重包覆讓你安心運動不走光^n脅邊加高13.5CM，使側邊的包覆與支撐力效果更佳^n彈力美型背心式肩帶設計，肩帶寬3CM，為不可拆不可調式肩帶^n吸濕排汗、質輕柔軟、涼爽舒適^n多功能內衣，可作上班/運動/居家/休閒/睡眠 使用!^n台灣設計監製 品質保證^n^n內容：運動內衣^n尺寸：M(30~34)-L(34~36)-XL(36~38)^n罩杯適穿範圍：A~D罩^n鋼圈：無^n肩帶：不可拆不可調^n內褲：無^n面料：85%尼龍 5%聚酯纖維 10%彈性纖維^n模杯裡布：縲縈85% 15%竹炭紗^n產地：台灣設計監製 ^n^n^n#無鋼圈#吸濕速乾#集中#包覆#運動內衣#美胸內衣#無鋼圈內衣#運動#跑步#瑜珈#撞色,543,台灣設計監製 完美律動 防擴!!零著感罩杯式無鋼圈運動內衣 美胸衣 透氣 吸濕排汗 竹碳纖維 除臭(M-XL)#521,"['521^n^n運動款率性撞色風格，全新配色防震型內衣^n無鋼圈，防外擴設計，立體圓弧裁剪，彈性特優、貼身舒適，穩定集中不變形^n立體式的杯型剪裁，服貼胸型並隨著胸型做立體撐托^n腋下有防止流汗加工處理透氣性佳、通風快乾^n內裡採用一體成型立體無痕杯模，添加竹紗纖維，乾爽舒適/抗菌除臭，雙重包覆讓你安心運動不走光^n脅邊加高13.5CM，使側邊的包覆與支撐力效果更佳^n彈力美型背心式肩帶設計，肩帶寬3CM，為不可拆不可調式肩帶^n吸濕排汗、質輕柔軟、涼爽舒適^n多功能內衣，可作上班/運動/居家/休閒/睡眠使用!^n台灣設計監製品質保證^n^n內容：運動內衣^n尺寸：M(30~34)-L(34~36)-XL(36~38)^n罩杯適穿範圍：A~D罩^n鋼圈：無^n肩帶：不可拆不可調^n內褲：無^n面料：85%尼龍5%聚酯纖維10%彈性纖維^n模杯裡布：縲縈85%15%竹炭紗^n產地：台灣設計監製^n^n^n', '無鋼圈', '吸濕速乾', '集中', '包覆', '運動內衣', '美胸內衣', '無鋼圈內衣', '運動', '跑步', '瑜珈', '撞色']"
29,2617097081,268.0,80087714,自有品牌,"【全店商品，滿299免運！！！】^n^n^n貨源類別^t現貨^t^n產品類別^t背心^n適用性別^t女^t^n圖案^t純色^n誤差範圍^t1~2cm^t^n適合季節^t春季,秋季,冬季,夏季^t^n面料名稱^t棉類混紡^n面料成分^t錦綸/尼龍^t^n面料成分含量^t87（%）^t^n裏料名稱^t棉類混紡^n裏料成分^t氨綸^t^n裏料成分含量^t13（%）^t^n貨號^tC5238^n適用場景^t健身器材,跑步運動,健身美體^t^n顏色^t黑色,白色,蔣紅色,灰紫色,苔綠色,淡紫灰^t,青瓷色,油灰粉^n尺碼^t4/S,6/M,8/L^n^n^n🍥🍥🍥🍥🍥🍥🍥🍥🍥🍥🍥🍥🍥🍥🍥🍥^n^n    洗滌方式＆貼心提醒：^n⭐️尺寸皆為手工測量，誤差1-2cm內為正常範圍。^n⭐️若商品有些微線頭再麻煩水水自行修剪壹下哦。^n⭐️勿長時間浸泡、勿使用熱水、勿使用漂白水、勿使用烘衣機。^n⭐️建議單獨洗滌，手洗 。^n^n^n⭐️經營理念⭐️^nSilly是個愛好健身和瑜伽的女孩，喜歡把好貨分享給水水們哦💕^n讓妳們越來越美 ~越來越少女哦~~^nSilly家的款式大部分都是獨家定制款哦~全部現貨供應^n品質真的都是超級贊^n水水們如果買過壹次就會明白哦~^n ^n🔺有任何問題都可以通過聊聊直接聯繫到我哦~^n^n品質真的都是超級贊^n水水們如果買過壹次就會明白哦~^n^n^n^n##時尚運動文胸^n##健身內衣^n##瑜伽內衣^n##運動T恤 ^n##運動背心^n##瑜伽背心 ^n##運動上衣^n##運動外套^n##時尚運動長褲^n##健身長褲^n##瑜伽褲^n##緊身褲^n##壓力褲^n##九分褲^n##七分褲^n##時尚運動短褲^n##運動熱褲^n##時尚運動套裝",2638,【Silly優品】（8色）純色細肩帶交叉美背運動內衣瑜伽服女新款露背健身文胸小吊帶,"['', '時尚運動文胸^n', '', '健身內衣^n', '', '瑜伽內衣^n', '', '運動T恤^n', '', '運動背心^n', '', '瑜伽背心^n', '', '運動上衣^n', '', '運動外套^n', '', '時尚運動長褲^n', '', '健身長褲^n', '', '瑜伽褲^n', '', '緊身褲^n', '', '壓力褲^n', '', '九分褲^n', '', '七分褲^n', '', '時尚運動短褲^n', '', '運動熱褲^n', '', '時尚運動套裝']"
30,1274624346,39.0,62977101,自有品牌,人力成本考量.訂單未滿100元(不含運費)將直接取消訂單.請見諒^n^n網眼設計 交叉美背設計款運動內衣👙^n^n成千上萬的透氣孔 運動瑜珈睡眠讓您輕鬆無負擔^n^n內衣尺碼：^n均碼：適合32.34.36 ，A B C罩杯^n加大：適合 38.40.42，C D E罩杯^n^n內褲尺碼：^n均碼：M-L^n加大：XL-XXL^n^n透氣洞洞加大版無痕運動內衣 ^n與眾不同的時尚風格 結合美背交叉設計^n讓大奶的妳［0］負擔，夏季首選的好內衣喲^n^n適合慢跑。運動。瑜珈 者^n透氣冰絲材質。無痕舒適^n有穿過我們無痕透氣系列一定要來一件😘^n^n衛生考量，貼身衣物恕不接受退換貨，請慎選尺碼，謝謝🙏,1831,🔥在台現貨🔥加大版 冰絲無痕運動內衣👙加大無痕內衣 美背交叉 涼感內衣 加大冰絲內衣 大尺碼無痕內衣 網眼運動內衣,[]
31,1064402538,115.0,61925198,,"更多好款請點：#Feilibin性感文胸     #Feilibin運動文胸^n^n尺碼您可參考詳情尺碼圖哦^n也可以參考下面尺碼介紹哦^n M, 胸圍: 70-82公分 （提示：胸圍是一圈的長度哦）^n L, 胸圍: 78-92公分^n XL, 胸圍: 88-102公分 ^n當天隔天出貨^n發貨精緻包裝^n^n商品名稱：3D防震跑步瑜伽運動內衣文胸^n顏色：黑色 灰色 紫色 白色 藍色^n尺碼： M , L , XL (尺碼參照圖3)^n 此款運動內衣 3D防震 根據人體力學設計 ^n舒適 /透氣/防震/全方位維護/^n無鋼圈設計   舒適健康",201,3D防震運動內衣 無鋼圈女生運動文胸 跑步運動背心式少女 學生運動內衣 瑜伽健身舒適文胸 5個顏色 3個尺碼#2140,"['Feilibin性感文胸', 'Feilibin運動文胸^n^n尺碼您可參考詳情尺碼圖哦^n也可以參考下面尺碼介紹哦^nM,胸圍:70-82公分（提示：胸圍是一圈的長度哦）^nL,胸圍:78-92公分^nXL,胸圍:88-102公分^n當天隔天出貨^n發貨精緻包裝^n^n商品名稱：3D防震跑步瑜伽運動內衣文胸^n顏色：黑色灰色紫色白色藍色^n尺碼：M,L,XL(尺碼參照圖3)^n此款運動內衣3D防震根據人體力學設計^n舒適/透氣/防震/全方位維護/^n無鋼圈設計舒適健康']"
32,2664042727,300.0,6780865,自有品牌,"小編真心推薦唷^^^n^n^n運動內衣 健身瑜伽跑步 裸空美背運動內衣^n^n🎉一體成型罩杯^n^n🎉時尚裸空美背^n^n🎉三排扣穩定效果佳避免震動摩擦胸部^n^n🎉全罩杯定型防下垂^n^n🎉馬卡龍色系 舒適有型 ^n^n🎉採用U型領口設計^n^n🎉使胸型更加美麗並且露出迷人的鎖骨^n^n🎉使脖子更加修長^n^n🎉此款設計貼合身型更加顯瘦^n^n顏色有粉色~紫色~黑色~玫瑰紅^n^n^nS:上胸圍70cm,下胸圍64cm  (適合70A-C / 75A-B)^n^nM:上胸圍74cm,下胸圍66cm (適合70D /  75C / 80A-B)^n^nL:上胸圍78cm,下胸圍68cm  (適合75D-E / 80C-D / 85A )^n^nXL:上胸圍82cm,下胸圍70cm (適合80E / 85B-D)^n^nXXL:上胸圍86cm,下胸圍72cm (適合85E / 90A-C)^n^n^n品質超優 非低價品可以比拼^n勿拿百元商品來比較 品質做工差太多^n買一款真的有效果質感優良的運動內衣舒適^n^n^n材質採用透氣排汗運動機能材質 ^n^n柔軟舒適 減少悶熱^n^n內襯特製有車縫與內衣一體式^n^n減少運動時會移動及清洗時的方便性^n^n肩帶部分內部具有超彈性鬆緊帶^n^n讓您運動不緊繃不晃動^n^n機能運動布料  耐磨  抗皺  透氣散熱  吸濕排汗^n^n商品為平放測量因測量方式不同有所誤差 正常誤差範圍1-3公分^n^n^n^n材質：錦綸/尼龍^n^n#運動內衣^n#健身內衣^n#防震內衣^n#無鋼圈 #無鋼圈內衣 #減震內衣 #瑜珈內衣 #美背 #健身 #跑步 #重訓 #集中 #瑜珈 #空中瑜珈 #無痕",480,❤裸空馬卡龍色運動內衣❤ 高強度 一體式胸墊 固定式胸墊 健身瑜伽跑步 裸空美背運動內衣,"['運動內衣^n', '健身內衣^n', '防震內衣^n', '無鋼圈', '無鋼圈內衣', '減震內衣', '瑜珈內衣', '美背', '健身', '跑步', '重訓', '集中', '瑜珈', '空中瑜珈', '無痕']"
33,91135125,80.0,1466407,自有品牌,✅發票：本賣場將改由蝦皮代開發票，發票將傳到您蝦皮綁定的郵箱裡，再麻煩查收謝謝^nNG品釋出，可以挑款式 尺碼，不可挑色商品，有些筆劃到，部份染色，殘膠，汙點，等等..不影響穿著功能，數量不多，機會難得，賠本出售。^n^n買家必讀~^n1-冰絲 無縫 無痕 可拆式胸墊  輕薄 超透氣 零束縛 無鋼圈^n 結合了所有優點的運動內衣^n可穿著睡覺的內衣^n^n2尺碼:  M ~5XL (賣場照片往左滑一下，有尺碼說明)^n^n^n3-請先詢問是否有現貨再下單哦~~謝謝 ^n^n4-如要再購買別商品挑選好的請先加購物車在結帳即可。^n^n5-每支手機顏色輸出都會有些不同，有點點色差屬正常現象，但不會差太多哦~^n^n6-此商品為衛生貼身用品，內衣類，經拆封過的衛生商品，皆不適用7天鑑賞期法規，。^n^n^n7-請進入賣場皆有尺碼說明介紹，每個人鬆緊感受度不同，請各位美女們自行衡量。^n^n💋現貨供應。^n^n^n#冰絲內衣 #冰絲 #運動內衣 #無痕內衣 #隱型內衣 #小可愛 #涼感衣 #無鋼圈 #可拆卸胸墊 #背心 #健身 #慢跑 #瑜珈 #超透氣  #現貨不必等,488,A001 有發票 福利品 冰絲運動內衣 涼感內衣 無痕內衣 可拆卸胸墊 無鋼圈 CAROLXUN,"['冰絲內衣', '冰絲', '運動內衣', '無痕內衣', '隱型內衣', '小可愛', '涼感衣', '無鋼圈', '可拆卸胸墊', '背心', '健身', '慢跑', '瑜珈', '超透氣', '現貨不必等']"
34,2216057040,199.0,82430472,自有品牌,💕💕杯墊偏厚，喜歡寬鬆舒適型的建議拍大一號^n^n🎉可拆卸胸墊^n^n🎉設計者說^n讓人感到安心的一款運動文胸^n寬排扣設計，運動穿脫更方便^n緊緊鎖住下胸圍更加舒適穩定^n背後交叉肩帶，美背線條抵擋不住讓人多看兩眼^n清爽的顏色上身不乏氣質^nU型領部小露事業線，性感凸顯胸型^n可拆卸棉墊，更貼合身形不易變形清洗方便^n單穿或作為搭配都是不錯的選擇^n^n--🔥安冉獨享活動🔥--^n🌟活動一：新客舊用戶關注賣場，自動獲取無門檻$10優惠券。^n🌟活動二：五星好評二次回購，購物立减$20優惠。^n🌟活動三：賣場每天放送大量❤滿減折扣代碼❤請點賣場折扣代碼查看，或者聊聊咨詢我們唷~^n^n◆主面料成分 錦綸/尼龍^n◆是否有鋼圈 無鋼圈^n◆模杯類型 薄模杯^n^n參考尺碼^nS碼 胸圍62-84 衣長29 建議體重40-47kg 罩杯30ABC 32AB 32小C 34A^nM碼 胸圍66-88 衣長30 建議體重47-54kg 罩杯32C 34AB 34小C 36AB^nL碼 胸圍70-92 衣長31 建議體重54-60kg 罩杯34C 36小C 38AB^n^n#運動內衣 #運動上衣 運動內衣 #運動上衣 #運動 #慢跑 #美背內衣 #運動內衣 背心  #bra   #文胸 #健身內衣 #高強度運動內衣 #胸墊 #露背背心 #運動內衣 防震 #運動內衣 無鋼圈#祝蝦皮雙12生日快樂,1583,安冉現貨 小胸福音高強度防震運動內衣女背心式跑步聚攏定型瑜伽美背健身房文胸可拆卸胸墊,"['運動內衣', '運動上衣運動內衣', '運動上衣', '運動', '慢跑', '美背內衣', '運動內衣背心', 'bra', '文胸', '健身內衣', '高強度運動內衣', '胸墊', '露背背心', '運動內衣防震', '運動內衣無鋼圈', '祝蝦皮雙12生日快樂']"
35,2005949441,799.0,5337116,Nike(耐吉),"📌胖爸只賣正品,並開立統一發票^n⚠️胖達賣場內商品皆屬代購,庫存隨經銷門市變動^n⚠️如下單商品完售,請參考賣場內其他商品及協助取消訂單^n^n胖達）^nNIKE 基本款 訓練 健身 中強度 運動 內衣 899371-010 黑 粉橘 白 CN5263 粉紅 女^n🔹尺寸：XS~XL^n🔹請注意貼身衣物不可做退換貨, 請確定好尺寸後再下單^n————————————^n🔸蝦皮：panda731209^n🔸IG：panda_store_tw^n",456,胖達）NIKE 基本款 訓練 健身 中強度 運動 內衣 899371-010 黑 粉橘 白 CN5263 粉紅 女,[]
36,2293801133,2.0,140472287,自有品牌,"同款內衣更多顏色選擇請戳這裡#全網最低專櫃品質內衣^n^n最佳搭配上衣請戳這裡#全網最低專櫃品質女款上衣^n^n最佳搭配褲子請戳這裡#全網最低專櫃品質女款褲子^n^n喜歡緊貼聚攏的可以買小一碼，喜歡舒適合適的買正常碼就行^n尺碼  上胸圍  下胸圍^t           歐碼罩杯                                 英碼罩杯^ns          83^t      73^t  70C、75A  |            32A、30C、32B、32C、34A^nM        88^t      78^t  70D、75B、75C、80A  |            32D、34B、34C、36A^nL         93^t      83^t  75C、75D、80C、85A、80B  |   34C、34D、36C、38A、36B^nXL       98^t      88^t  80D、85B、85C、85D、90A|     36D、38B、38C、38D、40A^nXXL    103       92        90A、90B、90C、90D、95B |     40B、40C、40D、42B、42C 、34E^n以上為建議尺寸,仍可視個人實際體型做調整！^n^n設計師說^n^n專業的運動內衣可以給胸部有效支撐^n預防因運動時的晃動對胸部的損傷^n設計這款壹體成型的定型杯防震抹胸^n為女性打造壹種活動自如^n防震包裹、透氣清爽的美好體驗^n^n【現貨】❤正常情況下標當天寄出，寄出4-8天到超商門市，急要的請提前聯系我們，因為包裹需要從海外出關然後送往台灣再到門市，路途遙遠，希望水水們預留足夠的時間哦，包裹深圳出關后後才會有物流更新，請知曉哈，包裹一旦寄出就退不回來，如果水水們中途取消訂單那麼我們就要直接損失，希望多多諒解。❤^n^n🔔本賣場寄出前均有檢查，水水們收到衣服有寄錯寄少質量問題等，要第一時間通知我們幫您處理，本賣場是非常負責任的哈。^n🔔本賣場不接受議價，薄利多銷，請諒解^n🔔支持退換貨，非質量問題退換運費需要自己承擔哦^n🔔對我們的商品和服務滿意的，麻煩您給五星好評哦，有不滿意的地方麻煩您在聊聊上面聯繫我們哈，一直在線為您服務.^n^n––––––––––––––––––––––––––––––––––––––––––^n^n設計師說^n^n專業的運動內衣可以給胸部有效支撐^n預防因運動時的晃動對胸部的損傷^n設計這款壹體成型的定型杯防震抹胸^n為女性打造壹種活動自如^n防震包裹、透氣清爽的美好體驗^n^n                                                                    產品基本信息^n有效速幹，強力支撐^n女子中強度支撐動動內衣將速幹面料和可拆式襯墊巧妙融合，在訓練過程中為你打造富有支撐力的幹爽舒適體驗。我们的內衣在設計時充分考慮到你在運動時的靈活體驗，並能針對不同動運項目提供所需支撐的效果。^n^n運動文胸^n運動文胸不同於普通內衣，不僅要有內衣的舒適性，還要考慮運動時內育與皮膚劇烈摩擦，因此在材料甄選上，我們也是不斷斟酌的，力求更親膚，吸汗，耐穿的面料。 ^n^n其他細節^nHeat-Gear技術，幫肋保持幹爽舒適^n工型背部設計結合彈性肩帶，提升運動自由度^n可拆式襯墊，締造出眾包覆體驗和塑型效果^n適合如步行重量訓練和瑜伽等中強度運動^n緊密貼合設計，提供有力支撐^n^n運動時刻，呈現自信^n給胸部良好的支撐固定，減緩運動時帶來的劇烈晃動。^n^n點燃自我表現^n內托聚攏讓運動擺脫平胸煩惱，經過多次的測試更加貼合女性胸部體驗像穿著內衣一樣性感筆挺。^n^n激情釋放，無鋼圈體驗^n運動時地心引力會引起胸部晃動，鋼圈不僅不能起到支撐作用，反而容易被鋼圈卡胸。^n無鋼圈，不移位。每個你都是別具一格。^n^n讓運動不怕悶熱流汗^n蜂巢人體工學設計讓穿著更加舒適透氣，有效地緩解運動時流汗造成黏膩的困擾尷尬。^n^n特色之美^n走氣質派的文胸，小仙女們都要嘗試起來！平胸妹子也無需太過煩惱，這款內衣不壓胸喲！前胸的U型領口貼合女性胸部曲線，微露蘇胸，令胸型更顯聚攏、內托聚攏防震，運協保持平穩不會有劇烈晃動感，透氣網孔設計有效緩解流汗粘膩的困擾，讓運動更幹爽。^n^n個人試穿體驗^n這款內衣真的太舒服了，完全沒有束縛感，跟沒穿一樣，胸部也不會下垂。聚攏效果比文胸好，舒服性簡直完爆文胸。而且穿起來很舒服，就試穿了一下就瘋狂愛上了，真的有種沖動去把自己以前的內衣都扔了。我決定以後都穿這款內衣了，太舒服了！會介紹給我身邊所有的女性朋友姐妹們的。^n #內衣 #運動內衣 #外穿內衣 #居家內衣 #無鋼圈內衣  #運動背心 #運動文胸   #女款背心 #運動上衣 #高強度背心 #學生內衣 #健身背心",264,內衣 運動內衣 內衣無鋼圈 性感內衣 流行內衣 大尺碼內衣 平口内衣 居家內衣 中強度型,"['全網最低專櫃品質內衣^n^n最佳搭配上衣請戳這裡', '全網最低專櫃品質女款上衣^n^n最佳搭配褲子請戳這裡', '全網最低專櫃品質女款褲子^n^n喜歡緊貼聚攏的可以買小一碼，喜歡舒適合適的買正常碼就行^n尺碼上胸圍下胸圍^t歐碼罩杯英碼罩杯^ns83^t73^t70C、75A|32A、30C、32B、32C、34A^nM88^t78^t70D、75B、75C、80A|32D、34B、34C、36A^nL93^t83^t75C、75D、80C、85A、80B|34C、34D、36C、38A、36B^nXL98^t88^t80D、85B、85C、85D、90A|36D、38B、38C、38D、40A^nXXL1039290A、90B、90C、90D、95B|40B、40C、40D、42B、42C、34E^n以上為建議尺寸,仍可視個人實際體型做調整！^n^n設計師說^n^n專業的運動內衣可以給胸部有效支撐^n預防因運動時的晃動對胸部的損傷^n設計這款壹體成型的定型杯防震抹胸^n為女性打造壹種活動自如^n防震包裹、透氣清爽的美好體驗^n^n【現貨】❤正常情況下標當天寄出，寄出4-8天到超商門市，急要的請提前聯系我們，因為包裹需要從海外出關然後送往台灣再到門市，路途遙遠，希望水水們預留足夠的時間哦，包裹深圳出關后後才會有物流更新，請知曉哈，包裹一旦寄出就退不回來，如果水水們中途取消訂單那麼我們就要直接損失，希望多多諒解。❤^n^n🔔本賣場寄出前均有檢查，水水們收到衣服有寄錯寄少質量問題等，要第一時間通知我們幫您處理，本賣場是非常負責任的哈。^n🔔本賣場不接受議價，薄利多銷，請諒解^n🔔支持退換貨，非質量問題退換運費需要自己承擔哦^n🔔對我們的商品和服務滿意的，麻煩您給五星好評哦，有不滿意的地方麻煩您在聊聊上面聯繫我們哈，一直在線為您服務.^n^n––––––––––––––––––––––––––––––––––––––––––^n^n設計師說^n^n專業的運動內衣可以給胸部有效支撐^n預防因運動時的晃動對胸部的損傷^n設計這款壹體成型的定型杯防震抹胸^n為女性打造壹種活動自如^n防震包裹、透氣清爽的美好體驗^n^n產品基本信息^n有效速幹，強力支撐^n女子中強度支撐動動內衣將速幹面料和可拆式襯墊巧妙融合，在訓練過程中為你打造富有支撐力的幹爽舒適體驗。我们的內衣在設計時充分考慮到你在運動時的靈活體驗，並能針對不同動運項目提供所需支撐的效果。^n^n運動文胸^n運動文胸不同於普通內衣，不僅要有內衣的舒適性，還要考慮運動時內育與皮膚劇烈摩擦，因此在材料甄選上，我們也是不斷斟酌的，力求更親膚，吸汗，耐穿的面料。^n^n其他細節^nHeat-Gear技術，幫肋保持幹爽舒適^n工型背部設計結合彈性肩帶，提升運動自由度^n可拆式襯墊，締造出眾包覆體驗和塑型效果^n適合如步行重量訓練和瑜伽等中強度運動^n緊密貼合設計，提供有力支撐^n^n運動時刻，呈現自信^n給胸部良好的支撐固定，減緩運動時帶來的劇烈晃動。^n^n點燃自我表現^n內托聚攏讓運動擺脫平胸煩惱，經過多次的測試更加貼合女性胸部體驗像穿著內衣一樣性感筆挺。^n^n激情釋放，無鋼圈體驗^n運動時地心引力會引起胸部晃動，鋼圈不僅不能起到支撐作用，反而容易被鋼圈卡胸。^n無鋼圈，不移位。每個你都是別具一格。^n^n讓運動不怕悶熱流汗^n蜂巢人體工學設計讓穿著更加舒適透氣，有效地緩解運動時流汗造成黏膩的困擾尷尬。^n^n特色之美^n走氣質派的文胸，小仙女們都要嘗試起來！平胸妹子也無需太過煩惱，這款內衣不壓胸喲！前胸的U型領口貼合女性胸部曲線，微露蘇胸，令胸型更顯聚攏、內托聚攏防震，運協保持平穩不會有劇烈晃動感，透氣網孔設計有效緩解流汗粘膩的困擾，讓運動更幹爽。^n^n個人試穿體驗^n這款內衣真的太舒服了，完全沒有束縛感，跟沒穿一樣，胸部也不會下垂。聚攏效果比文胸好，舒服性簡直完爆文胸。而且穿起來很舒服，就試穿了一下就瘋狂愛上了，真的有種沖動去把自己以前的內衣都扔了。我決定以後都穿這款內衣了，太舒服了！會介紹給我身邊所有的女性朋友姐妹們的。^n', '內衣', '運動內衣', '外穿內衣', '居家內衣', '無鋼圈內衣', '運動背心', '運動文胸', '女款背心', '運動上衣', '高強度背心', '學生內衣', '健身背心']"
37,1186073089,199.0,44551604,自有品牌,好東西不定期更新優惠、折扣碼優惠、免運優惠。^n如果沒有顯示延長出貨之商品，表示可直接下單，皆為現貨供應12H寄出！^n^n現在凡消費滿額，在結帳前先點選折扣卷，皆可享有金額折抵！^n♛消費金額滿 699 ☞現享折扣 30元　最高可折抵120元^n✌本店獨享優惠折扣方案✌^n優惠不定時更新喔，請詳見賣場公告喔，謝謝^^^n━━━━━━━━━━━━━━━━━━━━━━━━━━ ◇^n#好東西平台內商品皆為台灣現貨^n#商品皆可直接下單12H寄出^n#不定時特銷商品出貨免運費^n━━━━━━━━━━━━━━━━━━━━━━━━━━ ◇^n❤商品名稱❤^n#好東西無鋼圈運動內衣^n━━━━━━━━━━━━━━━━━━━━━━━━━━ ◇^n❤商品特色❤^n^n運動不可避免的就是汗水^n女生長髮飄逸，平常像女神^n但運動後，流汗+瀏海油膩扁塌就像鬼😱^n好東西限時暖心活動，購買就送素面髮帶💋 💋 💋^n^n^n有在運動的女生一定要看^n運動最好不要穿有鋼圈的內衣，^n劇烈運動會使乳房組織斷裂、鬆垮^n以至於造成胸部疼痛、讓乳房永久性下垂^n所以好的運動內衣，會是您非常需要的選擇！^n^n親膚好材質，不讓汗水造成肌膚過敏^n專業車工內衣廠出品，全尺碼五個尺寸^n人體工學減壓肩帶，確保反覆拉伸不鬆弛^n超細纖維製成的好質料，吸濕排汗效果再加倍^n全罩杯包覆，固定並加強支撐，降低震動與拉扯^n溫柔無鋼圈，不壓迫不束縛，全心享受舒服的運動^n^n沒鋼圈穿起來會不會很沒安全感? ^n這款無鋼圈具有支撐包覆性，讓妳運動好自在^n慢跑、瑜珈、跳舞、騎車、羽球、健身、藍球...等^n高強度保護，適合各種運動穿搭除了好穿之外，還要妳超好看💋 ^n※本產品屬於個人衛生用品，拆封無猶豫期，如欲退貨請勿拆封※^n^n^n❤尺寸建議❤^n^nＳ號👉建議體重：40 ~50公斤^n下胸圍70-75cm，適合胸圍80-85cm^n內衣尺碼換算：70/32(ABC) ~75/34A^n^nＭ號👉建議體重：50 ~55公斤^n下胸圍75-80cm，適合胸圍85-93cm^n內衣尺碼換算：75/34(BCD) ~80/36A^n^nＬ號👉建議體重：56 ~65公斤^n下胸圍80-85cm，適合胸圍92-100cm^n內衣尺碼換算：80/36(BCDE) ~85/38(ABC)^n^nＸＬ號👉建議體重：65 ~78公斤^n下胸圍85-90cm，適合胸圍100-107cm^n內衣尺碼換算：85/38(DE) ~90/40(ABCD)^n^n２ＸＬ號👉建議體重：79 ~95公斤^n下胸圍90-95cm，適合胸圍105-113cm^n內衣尺碼換算：90/40E ~95/42(ABCD)^n━━━━━━━━━━━━━━━━━━━━━━━━━━ ◇^n❤商品參數❤^n^n【商品顏色】黑/白/灰/桃^n【商品尺寸】S M L XL 2XL^n【商品材質】94%聚酰胺+6%氨綸^n━━━━━━━━━━━━━━━━━━━━━━━━━━ ◇^n**任何商品皆可詢問，我們的客服猶如家人般的親切**^n☆ 有時訊息較多請稍後，營業時間所有訊息100%都會做回覆喔^n☆ 非營業時間時因訊息量較大，若是尚未回覆的話還麻煩稍後下，客服會竭盡所能盡快回覆的，還請放心喔 ^^^n━━━━━━━━━━━━━━━━━━━━━━━━━━ ◇^n賣場內另有▾▾▾點選連結快速逛▾▾▾^n^n#好東西保暖發熱纖維男士發熱衣^n^n#嘟嘟超輕肩背槍包^n^n#好東西抗靜電超薄發熱衣套裝^n^n#好東西最浪漫的100句我愛你情人項鍊^n^n#好東西高質感牛津布單肩背包^n^n↓↓查看更多點連結^n#好東西最卓越的優質網路平台^n#好東西包包精品服飾配件^n━━━━━━━━━━━━━━━━━━━━━━━━━━ ◇^n即日起，每日前五百名下單購買不論金額^n只要按☛「關注」與☛任一商品按「❤讚」^n即贈送神秘小禮物隨包裹寄出唷(✿◖◡◗)^n✌感謝捧場與支持✌^n━━━━━━━━━━━━━━━━━━━━━━━━━━ ◇^n各位好東西的顧客們您們好：^n我們是蝦皮優選的優良賣家【好東西】^n多年的誠信服務，給予顧客最保障的售後服務，最專業的客服團隊！^n嚴選商品的最佳高品質，破萬銷量的客戶評價，我們絕無第二家分店，購買前請確認【好東西】！^n^n⁂ 我們秉持著三大保障，優質售後服務超安心⁂ ^n‧專業客服與優質的售後服務，會在第一時間快速回覆。^n‧商品皆為台灣公司出貨，嚴格的商品把關與品質保證。^n‧政府合法立案登記，商品皆附上電子發票，安全有保障。^n**若需要紙本可下單備註可隨貨附上**^n購物若遇上疑問皆可詢問，我們會立即協助你解決問題。^n━━━━━━━━━━━━━━━━━━━━━━━━━━ ◇^n【退換貨須知】^n☆  若趕時間的話，可先詢問客服有無現貨唷~^n☆  下單前請再次確認選購的尺寸、顏色、款式、規格等等^n確認無誤後再進行下單，避免造成您後續換貨上的困擾唷。^n☆  賣場商品下單完成後，台灣現貨將會盡快為您安排寄出。^n☆  宅配預計最快約1-2天內到貨；超商預計最快約2-3天到貨。^n☆  若為急件、大量購買及其他問題可先聊聊洽詢，客服專員會為您服務。^n☆  「猶豫期」非「試用期」，在您還不確定是否要辦理退貨以前，請勿拆封^n一經拆封則依消費者保護法之規定，無法享有七天猶豫期之權益且不得辦理退貨。^n☆  商品只要有瑕疵 / 寄錯 / 其他問題，請在第一時間告知我們，我們會盡快為你安排換貨。^n━━━━━━━━━━━━━━━━━━━━━━━━━━ ◇^n【台北-汐止總店】^t^t^t^t^t^t^t^n⧓服務電話：(02)8693-3580^n⧓營業時間：週一至週五 09:30~18:00^n『例假日休息，商品皆會於上班日寄出唷。』^n⧓實體門市：新北市汐止區新台五路一段75號4樓之1^n^n^n,468,【台灣出貨 高抗震 無鋼圈 運動內衣 送彈性髮帶】 可拆胸墊 運動上衣 運動上衣 美背內衣 吸濕 全罩內衣 瑜珈 上衣,"['好東西平台內商品皆為台灣現貨^n', '商品皆可直接下單12H寄出^n', '不定時特銷商品出貨免運費^n━━━━━━━━━━━━━━━━━━━━━━━━━━◇^n❤商品名稱❤^n', '好東西無鋼圈運動內衣^n━━━━━━━━━━━━━━━━━━━━━━━━━━◇^n❤商品特色❤^n^n運動不可避免的就是汗水^n女生長髮飄逸，平常像女神^n但運動後，流汗+瀏海油膩扁塌就像鬼😱^n好東西限時暖心活動，購買就送素面髮帶💋💋💋^n^n^n有在運動的女生一定要看^n運動最好不要穿有鋼圈的內衣，^n劇烈運動會使乳房組織斷裂、鬆垮^n以至於造成胸部疼痛、讓乳房永久性下垂^n所以好的運動內衣，會是您非常需要的選擇！^n^n親膚好材質，不讓汗水造成肌膚過敏^n專業車工內衣廠出品，全尺碼五個尺寸^n人體工學減壓肩帶，確保反覆拉伸不鬆弛^n超細纖維製成的好質料，吸濕排汗效果再加倍^n全罩杯包覆，固定並加強支撐，降低震動與拉扯^n溫柔無鋼圈，不壓迫不束縛，全心享受舒服的運動^n^n沒鋼圈穿起來會不會很沒安全感?^n這款無鋼圈具有支撐包覆性，讓妳運動好自在^n慢跑、瑜珈、跳舞、騎車、羽球、健身、藍球...等^n高強度保護，適合各種運動穿搭除了好穿之外，還要妳超好看💋^n※本產品屬於個人衛生用品，拆封無猶豫期，如欲退貨請勿拆封※^n^n^n❤尺寸建議❤^n^nＳ號👉建議體重：40~50公斤^n下胸圍70-75cm，適合胸圍80-85cm^n內衣尺碼換算：70/32(ABC)~75/34A^n^nＭ號👉建議體重：50~55公斤^n下胸圍75-80cm，適合胸圍85-93cm^n內衣尺碼換算：75/34(BCD)~80/36A^n^nＬ號👉建議體重：56~65公斤^n下胸圍80-85cm，適合胸圍92-100cm^n內衣尺碼換算：80/36(BCDE)~85/38(ABC)^n^nＸＬ號👉建議體重：65~78公斤^n下胸圍85-90cm，適合胸圍100-107cm^n內衣尺碼換算：85/38(DE)~90/40(ABCD)^n^n２ＸＬ號👉建議體重：79~95公斤^n下胸圍90-95cm，適合胸圍105-113cm^n內衣尺碼換算：90/40E~95/42(ABCD)^n━━━━━━━━━━━━━━━━━━━━━━━━━━◇^n❤商品參數❤^n^n【商品顏色】黑/白/灰/桃^n【商品尺寸】SMLXL2XL^n【商品材質】94%聚酰胺+6%氨綸^n━━━━━━━━━━━━━━━━━━━━━━━━━━◇^n**任何商品皆可詢問，我們的客服猶如家人般的親切**^n☆有時訊息較多請稍後，營業時間所有訊息100%都會做回覆喔^n☆非營業時間時因訊息量較大，若是尚未回覆的話還麻煩稍後下，客服會竭盡所能盡快回覆的，還請放心喔^^^n━━━━━━━━━━━━━━━━━━━━━━━━━━◇^n賣場內另有▾▾▾點選連結快速逛▾▾▾^n^n', '好東西保暖發熱纖維男士發熱衣^n^n', '嘟嘟超輕肩背槍包^n^n', '好東西抗靜電超薄發熱衣套裝^n^n', '好東西最浪漫的100句我愛你情人項鍊^n^n', '好東西高質感牛津布單肩背包^n^n↓↓查看更多點連結^n', '好東西最卓越的優質網路平台^n', '好東西包包精品服飾配件^n━━━━━━━━━━━━━━━━━━━━━━━━━━◇^n即日起，每日前五百名下單購買不論金額^n只要按☛「關注」與☛任一商品按「❤讚」^n即贈送神秘小禮物隨包裹寄出唷(✿◖◡◗)^n✌感謝捧場與支持✌^n━━━━━━━━━━━━━━━━━━━━━━━━━━◇^n各位好東西的顧客們您們好：^n我們是蝦皮優選的優良賣家【好東西】^n多年的誠信服務，給予顧客最保障的售後服務，最專業的客服團隊！^n嚴選商品的最佳高品質，破萬銷量的客戶評價，我們絕無第二家分店，購買前請確認【好東西】！^n^n⁂我們秉持著三大保障，優質售後服務超安心⁂^n‧專業客服與優質的售後服務，會在第一時間快速回覆。^n‧商品皆為台灣公司出貨，嚴格的商品把關與品質保證。^n‧政府合法立案登記，商品皆附上電子發票，安全有保障。^n**若需要紙本可下單備註可隨貨附上**^n購物若遇上疑問皆可詢問，我們會立即協助你解決問題。^n━━━━━━━━━━━━━━━━━━━━━━━━━━◇^n【退換貨須知】^n☆若趕時間的話，可先詢問客服有無現貨唷~^n☆下單前請再次確認選購的尺寸、顏色、款式、規格等等^n確認無誤後再進行下單，避免造成您後續換貨上的困擾唷。^n☆賣場商品下單完成後，台灣現貨將會盡快為您安排寄出。^n☆宅配預計最快約1-2天內到貨；超商預計最快約2-3天到貨。^n☆若為急件、大量購買及其他問題可先聊聊洽詢，客服專員會為您服務。^n☆「猶豫期」非「試用期」，在您還不確定是否要辦理退貨以前，請勿拆封^n一經拆封則依消費者保護法之規定，無法享有七天猶豫期之權益且不得辦理退貨。^n☆商品只要有瑕疵/寄錯/其他問題，請在第一時間告知我們，我們會盡快為你安排換貨。^n━━━━━━━━━━━━━━━━━━━━━━━━━━◇^n【台北-汐止總店】^t^t^t^t^t^t^t^n⧓服務電話：(02)8693-3580^n⧓營業時間：週一至週五09:30~18:00^n『例假日休息，商品皆會於上班日寄出唷。』^n⧓實體門市：新北市汐止區新台五路一段75號4樓之1^n^n^n']"
38,1234362049,46.0,7291164,,均碼.單一尺碼^n上胸圍66公分^n下胸圍60公分.^n附全版一字型內墊可拆洗.^n建議穿著胸圍68-98公分.,400,WSB015台灣現貨 運動內衣 韓版 新款 無縫 短版 英文字母 文胸 內衣 無鋼圈 附胸墊 性感美背 高彈性 焦點服飾,[]
39,7313267975,87.0,20162694,自有品牌,"1229^n^n^n^r^n【温馨提示】：為避免超材，購買多件商品清注意分開訂單下單，否则包裹超体积无法配送^r^n秋季/冬季商品體積大，需謹慎分開下單，有疑问请咨询^r^n^r^n^r^n【材質】：棉+聚酯纤维+其他成分^r^n僅供參考 不做實際標準^r^n^r^n【買家須知】^r^n【1】新客戶關註賣場並點贊商品三個以上，可優惠減$10呦 ^^^r^n【2】凡是五星好評+上傳好看的買家秀，回購可聊聊領取折扣~^r^n【3】賣場均為現貨，下單48小時內出貨，正常5-7天到貨。^r^n【4】發出後壹般不支持取消更改訂單，如需取消訂單請在12小時之內聯繫客服。^r^n【5】本賣場商品廠家直銷，批發價，物美價廉，支持711全家 黑貓宅配 貨到付款^r^n【6】如果取貨後有問題，少發貨、物流慢、有瑕疵，歡迎隨時聯繫我們處理，謝謝。^r^n^r^n^r^n^r^n◆備註：手工測量   單位：cm^r^n^r^n因測量方法不同，允許3-5CM的誤差,誤差範圍內不屬於質量問題！^r^n^r^n因拍攝燈光原因和顯示器不同，可能會與圖色有所區別，請以實物爲準！^r^n^n^n衣长：25cm（不含肩带）   胸围：54—96cm   ",644,[兩件166] 春季2020新款韓版交叉少女美背吊帶小背心內衣跑步運動胸罩抹胸,[]
40,1399573219,82.0,51835120,,"-------------------歡迎光臨🍒Shineebaby內睡衣旗艦店🍒-------------^n更多🍒Shineebaby🍒運動系列請戳》》#Shineesport運動內衣 👈👈👈^n^n----  -----親，商品現貨充足，出貨快，下單后第二天出貨💋💋💋💋^n--歡迎聊聊咨詢------^n材質:莫代爾+氨綸^n肩帶風格:不可調節肩帶^n有無鋼圈：無^n搭扣類型:無搭扣^n文胸款式:加襯墊文胸（可拆卸）^n圖案類型:純色^n裝飾:無裝飾^n風格:日常^n杯罩形狀:全杯罩^n1. 材質：蕾絲+錦綸+氨綸，性感有彈力，穿著舒適；^n2. 胸圍68-84CM/26.77""-33.85"", 適合大部分的女性穿著；^n3. 後背性感美背肩帶，女性穿著更性感；^n4. 有襯墊，很好的凸出胸部，女生的性感；^n5. 適合搭配小背心，小外套，小禮服穿著；^n^n均碼，黑色和白色供選，胸圍68-84cm/26.77""-33.07"",衣長22cm/8.66""^n^n^n^n#交叉美背 #無痕  #內衣裤套裝  #少女 #蕾絲 #內衣 #性感 #聚攏 #刺繡 #韓系 #日系 #無鋼圈   #學生罩杯 #性感內衣  #螺紋  #運動文胸 #文胸套裝 #性感內衣 #瑜伽胸墊内衣 #裹胸文胸",65,🍒Shineesport🍒運動內衣 後背交叉吊帶帶胸墊抹胸式運動內衣 黑色 白色,"['Shineesport運動內衣👈👈👈^n^n---------親，商品現貨充足，出貨快，下單后第二天出貨💋💋💋💋^n--歡迎聊聊咨詢------^n材質:莫代爾+氨綸^n肩帶風格:不可調節肩帶^n有無鋼圈：無^n搭扣類型:無搭扣^n文胸款式:加襯墊文胸（可拆卸）^n圖案類型:純色^n裝飾:無裝飾^n風格:日常^n杯罩形狀:全杯罩^n1.材質：蕾絲+錦綸+氨綸，性感有彈力，穿著舒適；^n2.胸圍68-84CM/26.77""-33.85"",適合大部分的女性穿著；^n3.後背性感美背肩帶，女性穿著更性感；^n4.有襯墊，很好的凸出胸部，女生的性感；^n5.適合搭配小背心，小外套，小禮服穿著；^n^n均碼，黑色和白色供選，胸圍68-84cm/26.77""-33.07"",衣長22cm/8.66""^n^n^n^n', '交叉美背', '無痕', '內衣裤套裝', '少女', '蕾絲', '內衣', '性感', '聚攏', '刺繡', '韓系', '日系', '無鋼圈', '學生罩杯', '性感內衣', '螺紋', '運動文胸', '文胸套裝', '性感內衣', '瑜伽胸墊内衣', '裹胸文胸']"
41,99506987,89.0,1529564,自有品牌,#運動內衣 #哺乳內衣 #舒適無感 #小背心 #小可愛 #運動背心 #無痕內衣 #瑜珈 #運動 #健身 #跑步 #路跑 #推薦 #熱銷款,470,【當日出貨】運動內衣 無鋼圈 零著感 舒適無感 哺乳內衣 背心式 運動背心 無痕內衣 小可愛 性感 瑜珈運動健身 A25,"['運動內衣', '哺乳內衣', '舒適無感', '小背心', '小可愛', '運動背心', '無痕內衣', '瑜珈', '運動', '健身', '跑步', '路跑', '推薦', '熱銷款']"
42,6117668526,549.0,155980235,UNDER ARMOUR 安德瑪,【科技介紹】^n．排潮面料，有助於讓你保持乾爽舒適^n．彈性拉伸構造，有助於改善運動靈活性^n【商品細節】^n．較適合A至C罩杯^n．為低強度運動而設計，有助於帶來全天舒適的穿著體驗^n．UA Seamless是一種柔軟織物，搭配通風設計，合您所需^n．柔軟的可拆卸罩杯有助於塑造優美曲線，同時加強包覆^n．細吊帶套頭款式與可調節交叉式背部設計^n．印有品牌字樣的寬大提花彈性帶有助於提供伸展靈活度與舒適性^n【商品材質】^n．主要質料：聚酯纖維，錦綸，氨綸^n【適合運動】^n．適合瑜伽/普拉提/徒步等運動,30,【UNDER ARMOUR】女 Seamless低衝擊運動內衣(1322552-543),[]
43,549087042,200.0,8384208,,無鋼圈設計  舒適柔軟^n採用罩杯採用薄襯   穿起來舒適無比^n襯墊柔軟舒適^n不緊繃、不壓迫、不摩擦、不悶不熱.^n吸濕排汗，，呼吸透氣！^n健康、自然  親膚性極佳^n細肩帶可調 後扣2排扣貼身設計^n平常時穿著  舒適貼身^n運動時穿著～自然 舒適 身展 不擠壓胸部^n睡覺時穿著  可預防 下垂外擴^n居家  休閒 韻律    舞蹈   瑜珈M.L.XL.XXL^nM胸圍 70-78^nL胸圍 78-86^nXL胸圍 84-92^nXXL胸圍 90-98,36,內衣 / 無鋼圈內衣 運動內衣 學生 休閒 無束縛舒適700 台灣製【小百合】,[]
44,3509396621,999.0,155980235,UNDER ARMOUR 安德瑪,【商品細節】^n．具有良好的支撐性能，為瑜伽、皮拉提斯與登山等低強度訓練而設計^n．多層粘合下擺包邊設計，觸感柔滑，外觀亮麗^n．發泡材料襯墊有助於增加包覆並強化支撐，同時保持透氣通風^n．側邊與後背的網眼布鑲面有助於改善透氣性^n．由細長的雙層粘合吊帶交叉式設計，幫助緊貼肌膚，觸感舒適^n．配以不可拆卸的柔軟胸墊，勾勒自然優美的胸部曲線^n【適合運動】^n．適合瑜伽/普拉提/徒步等運動,13,【UNDER ARMOUR】女 HG低衝擊運動內衣 (1313764-574),[]
45,6938109083,1290.0,184701478,S'dare,SD20-SP015^n-成熟磚紅色系，一眼淪陷必收絕美戰品^n-綑綁風超彈力織帶，視覺多層次衝擊感^n-寬版側織帶，肉肉集中不外露，給胸部滿滿提托力^n-前胸挖低剪裁，細膩設計聚焦美麗^n-奢華玫瑰金後頸扣，穿脫便利，低調中的閃耀設計^n-後背交錯肩帶，襯出妳性感蝴蝶骨線^n^n材質:75%尼龍纖維 25%彈性纖維^n產地:中國^n^n1.常溫洗滌，浸泡時間不宜過長，5-10分鐘即可。^n2.前幾次清洗時，稍微褪色屬正常現象，請單獨清洗才能避免染料沾染其他衣物^n3.建議用手洗，手法要輕柔，若用洗衣機洗，應先裝入洗衣袋中，洗完後應用清水沖乾淨。^n4.剛洗過的運動內衣不宜掛在潮濕的衛生間內，以防細菌孳生。放在陰涼通風處晾乾，以免太陽直接照射破壞運動內衣的彈性和褪色。^n^n^n#Sdare#運動內衣#運動服#運動褲#跑步#運動#瑜珈#健身房#性感#拐拐,4,Sdare性感淪陷運動內衣 女 運動內衣 運動 健身 跑步 瑜珈 性感 集中 包覆  舒適 拐拐,"['Sdare', '運動內衣', '運動服', '運動褲', '跑步', '運動', '瑜珈', '健身房', '性感', '拐拐']"
46,2030613714,299.0,23817,自有品牌,📣本賣場商品皆有現貨，可直接下標📣^n「在台現貨供應、台灣寄出、免漫長等待」^n２４Ｈ內盡速為您安排出貨 💯（例假日除外）^n全館商品滿９９元超商取貨→免運費^n【立即聊聊私訊我們→領取運費折抵優惠】^n ^n🔥網拍首選旗艦店，全館折扣優惠隨時火熱更新🔥^n凡購買本賣場任何商品，滿額即可享有折扣優惠^n☆立即點選「查看賣場」索取最新折扣代碼^n ^n💰運費優惠看這邊💰^nOK超商【滿＄９９→免運費】^n萊爾富超商【滿＄１９９→免運費】^n全家超商【滿＄２９９→免運費】^n宅配【滿＄９９９→免運費】^n🌈每月運費優惠詳見蝦皮官方公告^n ^n☆致各位蒞臨網拍首選消費者☆^n我們是榮獲【蝦皮優選】銷售、服務品質第一的賣家！^n✔️絕對１００％現貨供應，免漫長等待^n✔️政府合法營業登記店家^n✔️每筆訂單開立電子發票，售後安全有保障^n✔️若需要紙本發票，可下單備註隨貨附上^n ^n────────────────────────^n#運動內衣 #無鋼圈內衣 #無鋼圈運動內衣 #全罩內衣 #吸濕排汗 #運動上衣 #運動背心 ^n ^n^n有在運動的女生不用在煩惱啦！^n^n運動時最好選擇無鋼圈的內衣，為什麼呢？^n^n因為劇烈運動使胸部晃動會引起胸部下垂；^n^n更引起懸韌帶斷裂，會造成胸部疼痛、^n^n更導致不可修復的傷害^n^n也因為運動時熱能與汗水無法排出，導致毛孔阻塞^n^n所以選擇好的運動內衣，是非常重要的！^n^n此款以全罩杯包覆設計，下擺加寬更能固定加強支撐，^n^n降低震動與拉扯無鋼圈，不會對乳腺產生壓迫，^n^n而導致經脈流通不順問題。使用錦綸纖維吸汗能力，^n^n高於其他普通纖維，材質韌性十足，怎麼拉扯都不易變形^n^n眉眉更不用擔心沒鋼圈穿起來很沒安全感的問題！^n^n此款無鋼圈具有支撐包覆性，讓妳運動自在，舒適^n^n高強度保護，適合各種運動穿搭，慢跑、瑜珈、^n^n跳舞、騎車、羽球、健身、藍球.....等^n^n^n^n試穿建議參考：^n^n【Ｓ號】建議體重：40 ~50公斤^n下胸圍70-75cm，適合胸圍80-85cm^n內衣尺碼換算：70/32(ABC) ~75/34A^n^n【Ｍ號】建議體重：50 ~55公斤^n下胸圍75-80cm，適合胸圍85-93cm^n內衣尺碼換算：75/34(BCD) ~80/36A^n^n【Ｌ號】建議體重：56 ~65公斤^n下胸圍80-85cm，適合胸圍92-100cm^n內衣尺碼換算：80/36(BCDE) ~85/38(ABC)^n^n【ＸＬ號】建議體重：65 ~78公斤^n下胸圍85-90cm，適合胸圍100-107cm^n內衣尺碼換算：85/38(DE) ~90/40(ABCD)^n^n【２ＸＬ號】建議體重：79 ~95公斤^n下胸圍90-95cm，適合胸圍105-113cm^n內衣尺碼換算：90/40E ~95/42(ABCD)^n^n────────────────────────^n^n✎客服服務✎^n  ^n線上快速諮詢，有問題歡迎詢問，專人在線為您服務。^n收到商品時如發現異常，請拍照片傳至聊聊，^n客服人員上班時間會馬上為您處理。^n服務時間：週一至週五09：00~18：00^n客服電話：(03)2161370^n ^n⛔請勿使用評價溝通⛔^n若有任何問題都請聊聊私訊客服協助您處理喔~,1585,【現貨-免運費！台灣寄出】超舒適 運動內衣 無鋼圈內衣 健身內衣 輕感防震 內衣 全罩內衣 吸濕排汗 運動上衣 運動背心,"['運動內衣', '無鋼圈內衣', '無鋼圈運動內衣', '全罩內衣', '吸濕排汗', '運動上衣', '運動背心^n^n^n有在運動的女生不用在煩惱啦！^n^n運動時最好選擇無鋼圈的內衣，為什麼呢？^n^n因為劇烈運動使胸部晃動會引起胸部下垂；^n^n更引起懸韌帶斷裂，會造成胸部疼痛、^n^n更導致不可修復的傷害^n^n也因為運動時熱能與汗水無法排出，導致毛孔阻塞^n^n所以選擇好的運動內衣，是非常重要的！^n^n此款以全罩杯包覆設計，下擺加寬更能固定加強支撐，^n^n降低震動與拉扯無鋼圈，不會對乳腺產生壓迫，^n^n而導致經脈流通不順問題。使用錦綸纖維吸汗能力，^n^n高於其他普通纖維，材質韌性十足，怎麼拉扯都不易變形^n^n眉眉更不用擔心沒鋼圈穿起來很沒安全感的問題！^n^n此款無鋼圈具有支撐包覆性，讓妳運動自在，舒適^n^n高強度保護，適合各種運動穿搭，慢跑、瑜珈、^n^n跳舞、騎車、羽球、健身、藍球.....等^n^n^n^n試穿建議參考：^n^n【Ｓ號】建議體重：40~50公斤^n下胸圍70-75cm，適合胸圍80-85cm^n內衣尺碼換算：70/32(ABC)~75/34A^n^n【Ｍ號】建議體重：50~55公斤^n下胸圍75-80cm，適合胸圍85-93cm^n內衣尺碼換算：75/34(BCD)~80/36A^n^n【Ｌ號】建議體重：56~65公斤^n下胸圍80-85cm，適合胸圍92-100cm^n內衣尺碼換算：80/36(BCDE)~85/38(ABC)^n^n【ＸＬ號】建議體重：65~78公斤^n下胸圍85-90cm，適合胸圍100-107cm^n內衣尺碼換算：85/38(DE)~90/40(ABCD)^n^n【２ＸＬ號】建議體重：79~95公斤^n下胸圍90-95cm，適合胸圍105-113cm^n內衣尺碼換算：90/40E~95/42(ABCD)^n^n────────────────────────^n^n✎客服服務✎^n^n線上快速諮詢，有問題歡迎詢問，專人在線為您服務。^n收到商品時如發現異常，請拍照片傳至聊聊，^n客服人員上班時間會馬上為您處理。^n服務時間：週一至週五09：00~18：00^n客服電話：(03)2161370^n^n⛔請勿使用評價溝通⛔^n若有任何問題都請聊聊私訊客服協助您處理喔~']"
47,3623645109,499.0,2320640,自有品牌,"賣場超多平價商品 闆闆精心挑選 趕快關注～ 天天上新貨🙋^n實品拍攝,請安心購買唷~ 我們提供實品照與影片,有任何問題歡迎私訊我們🙋^n棉花糖女孩旺喵懂你們的點在哪 歡迎聊聊詢問我們🙋^n請follow棉花糖女孩 旺喵IG:meowstore5^n^n關於這件運動內衣^n真的很推薦^n因為他的內衣罩杯是不可拆卸不跑杯！^n一般坊間賣的是可拆卸的內襯^n但會一直有跑杯問題^n或是洗衣服洗到內襯不見！^n不跑杯這點很重要‼️^n^n另外^n這件後面有扣子^n所以運動完穿脫較方便^n後面簍空設計 美美的^n穿脫方便 很重要‼️^n^n背心腰間是寬舒適鬆緊帶^n下胸不勒 這很重要‼️^n^n功能支撐性效果為中強度喔！^n----------------------^n前拉鍊式介紹:^n^n罩杯一樣不跑杯這點很重要‼️^n^n雖然前拉練式背心^n但是拉鍊有作保護措施^n使的拉鍊不會在劇烈運動開扣^n^n^n另外^n後面網狀設計^n不會太悶熱^n又有美備效果 很重要‼️^n^n^n^n^n🚩穿衣報告^n▪亮亮 穿2X 胸圍110 身高160/體重82,前拉鍊款穿3XL^n^n▪ Una 160/70 xl  ^n▪ 95公斤 胸圍120可以穿5XL^n▪工作人員 穿2X 內衣40D 身高160/體重78^n  ^n(這件彈性很大 請照上面參考尺碼拿)^n^n🚩尺寸：^nXL^t上胸圍^t95-110^t下胸圍^t85-95^t內衣尺碼^t85D-90B^t內衣尺碼^t38C-40B^n2XL^t上胸圍^t105-115^t下胸圍^t90-105^t內衣尺碼^t90D-95B^t內衣尺碼^t40D-42B^n3XL^t上胸圍^t110-125^t下胸圍^t100-110^t內衣尺碼^t95D-100B^t內衣尺碼^t42D-44B^n4XL^t上胸圍^t115-130^t下胸圍^t105-115^t內衣尺碼^t100D-105B^t內衣尺碼^t44D-46B^n5XL^t上胸圍^t125-135^t下胸圍^t110-125^t內衣尺碼^t105D-110B^t內衣尺碼^t46D-48B^n^n^n手工隨機採樣測量 以收到實物為主喔!^n（手工平量／請允許１－３公分誤差）^n^n❗❗❗❗下標前以下請注意：^n🌵本賣場若為預購商品可使用貨到付款^n🌵我們注意每個評價,也希望能藉有溝通能解開雙方認知誤會^n🔺🔺務必取貨🔺🔺請注意❗️保有法律追訴權 ^n🌵感謝妳的喜歡與購買❤️下單前記得到我們主頁看看唷😋^n🌵【現貨+預購】若有現貨標題會打現貨唷 ^n🌵預購7-21個工作天不含假日，不接急單，可以等待在下單喔！商品到貨我們會火速出貨！請不要催貨拉～^n^n✨✨下單前請看過賣場關於我哦✨✨^n^n#寬鬆 #大尺碼上衣 #韓妞穿搭   #韓版   #棉花糖女孩  #寬鬆 #肉肉女 #大碼 #加大碼 #大碼女裝^n",463,台灣現貨　100公斤可穿 推薦 不跑杯 挖空美背 中強度/中大尺碼/運動背心/運動內衣/大尺碼,"['寬鬆', '大尺碼上衣', '韓妞穿搭', '韓版', '棉花糖女孩', '寬鬆', '肉肉女', '大碼', '加大碼', '大碼女裝^n']"
48,2216057040,199.0,82430472,自有品牌,💕💕杯墊偏厚，喜歡寬鬆舒適型的建議拍大一號^n^n🎉可拆卸胸墊^n^n🎉設計者說^n讓人感到安心的一款運動文胸^n寬排扣設計，運動穿脫更方便^n緊緊鎖住下胸圍更加舒適穩定^n背後交叉肩帶，美背線條抵擋不住讓人多看兩眼^n清爽的顏色上身不乏氣質^nU型領部小露事業線，性感凸顯胸型^n可拆卸棉墊，更貼合身形不易變形清洗方便^n單穿或作為搭配都是不錯的選擇^n^n--🔥安冉獨享活動🔥--^n🌟活動一：新客舊用戶關注賣場，自動獲取無門檻$10優惠券。^n🌟活動二：五星好評二次回購，購物立减$20優惠。^n🌟活動三：賣場每天放送大量❤滿減折扣代碼❤請點賣場折扣代碼查看，或者聊聊咨詢我們唷~^n^n◆主面料成分 錦綸/尼龍^n◆是否有鋼圈 無鋼圈^n◆模杯類型 薄模杯^n^n參考尺碼^nS碼 胸圍62-84 衣長29 建議體重40-47kg 罩杯30ABC 32AB 32小C 34A^nM碼 胸圍66-88 衣長30 建議體重47-54kg 罩杯32C 34AB 34小C 36AB^nL碼 胸圍70-92 衣長31 建議體重54-60kg 罩杯34C 36小C 38AB^n^n#運動內衣 #運動上衣 運動內衣 #運動上衣 #運動 #慢跑 #美背內衣 #運動內衣 背心  #bra   #文胸 #健身內衣 #高強度運動內衣 #胸墊 #露背背心 #運動內衣 防震 #運動內衣 無鋼圈#祝蝦皮雙12生日快樂,1583,安冉現貨 小胸福音高強度防震運動內衣女背心式跑步聚攏定型瑜伽美背健身房文胸可拆卸胸墊,"['運動內衣', '運動上衣運動內衣', '運動上衣', '運動', '慢跑', '美背內衣', '運動內衣背心', 'bra', '文胸', '健身內衣', '高強度運動內衣', '胸墊', '露背背心', '運動內衣防震', '運動內衣無鋼圈', '祝蝦皮雙12生日快樂']"
49,7336944044,399.0,198759766,自有品牌,"🔥關注領券$20🎇🔥^n🔥全店商品，滿$299✈️免運費🔥^n🔥全場限時大促，最低至三折🔥^n^n👗商品介绍^n貨源類別^t現貨^t^n主面料成分^t聚酯纖維（滌綸）^t主面料成分的含量^t77（%）^t裏料成分^t23^n裏料成分含量^t23（%）^t^n款式^t運動型^t^n產地^t浙江^n適用人群^t青年女性^t^n風格^t運動休閑^t^n是否無縫^t否^n是否有鋼圈^t無鋼圈^t^n設計特色^t光面^t^n罩杯型^t全罩杯^n模杯類型^t中模杯^t^n肩帶類型^t固定雙肩帶^t^n排扣類型^t後四排搭扣^n適合季節^t夏季,冬季,春季,秋季^t^n誤差範圍^t1cm^t^n質量等級^t壹等品^t^n適用場景^t跑步運動,健身器材,保健按摩,健身美體,運動潮流,騎行運動,舞蹈運動^t^n顏色^t粉色,白色,綠色^t^n尺碼^tS,M,L^n^n📣📣【購前須知】 ‧^n店配一般5天到台灣，宅配一般3天到台灣，部分需要5天^n1. 賣場商品下單完成後，各項現貨將於3天內寄出。超商取貨約2-3天到貨。 若是急件或有其他需求請先聊聊洽詢，由客服專員婉婉👱♀️為您服務。 ‧^n^n2. 下單前請再次確認選購的商品尺寸、顏色款式，確認無誤後再進行下單。商品因批次不同，會有色差或尺寸上略有不同，這是無法避免的，介意者請深思！^n^n3. 個人因素退換貨由買家自行負擔來回運費。若經拆封、使用後導致商品缺乏完整性，恕不提供退換貨服務。 ^n^n4. 若產品瑕疵嚴重，請七天內與客服聯繫換貨服務。^n^n5.不接急單，趕時間，急用請慎拍哦，包裹一旦寄出無法退回。^n^n祝您購物愉快  ^n         ^n#運動內衣# 性感 #網紗 #美背 #運動#BRA #女 #夏 #健身跑步 #外穿 #瑜伽服 #背心式 #防震# 聚攏 #文胸",8,【VANEX】2020新款 運動內衣 女士 跑步防震 聚攏定型 瑜伽美背 BRA 健身背心 健身文胸 戶外,"['運動內衣', '性感', '網紗', '美背', '運動', 'BRA', '女', '夏', '健身跑步', '外穿', '瑜伽服', '背心式', '防震', '聚攏', '文胸']"
50,2196650883,233.0,114061785,自有品牌,"① “關注” 我們，享受更多粉絲優惠價哦！關注下單可以出價減10塊！^n②粉絲5星好評/推薦好友回購出價減30塊^n③賣場首頁有優惠卷，先領卷在下單，關注賣場，更多的優惠等您^n以上活動一個賬號只能参与一個喲,  截圖推文和五星好評回購截圖發給老闆即可參與。^n出貨時間：正常下標後2-3天寄出，^n^nAAPE 潮流前線丶服飾 賣場小貼標:^n1.海外寄出 下單1-3天寄出，寄出4-8天到超商門市，急要，要出國，時間趕的慎拍，不接急單。^n        2.商品尺寸均為人工手工測量，1-3cm的誤差值，屬於正常 ^n        3.因每個人的體型不同，下單前 請咨詢客服 適合的尺碼 以免尺碼不適 導致不必要的損失^n*若商品收到後有任何問題，請先私訊聊聊詢問（若長時間未回復，請耐心等候工作人員回復，切勿以評價溝通。）① “關注” 我們，享受更多粉絲優惠價哦！關注下單可以出價減10塊！",1559,【品尚】 ADIDAS 愛迪達 女生運動文胸 女跑步健身高強度防震防下垂 防震無鋼圈  托乳防垂 瑜伽背心 透氣速乾內衣,[]
51,7745689457,329.0,286072005,,📣產品資料：^n功能: 吸汗 定型 美背 聚攏 運動^n顏色分類: 白色 黃色 粉色 ^n面料材質: 錦綸^n插片: 海綿墊^n有無鋼託: 無鋼託^n適用季節: 夏季^n罩杯款式: 全罩杯（帶胸墊可拆卸）^n裡料材質: 錦綸^n服裝款式細節: 一片式^n肩帶樣式: 固定雙肩帶^n文胸款式: 背心式^n文胸尺碼: S M L^n運動支撐強度: 中/高度支撐^n^n🔔尺碼：^nS 胸圍65-75 罩杯建議32A/32B/32C/34A 體重參考42.5-50kg^nM 胸圍75-80 罩杯建議34A/34B/34C/36A/36B 體重參考47.5-55kg^nL 胸圍80-85 罩杯建議34D/36B/36C/38A/38B 體重參考52.5-60kg^n（以上尺碼手工測量，會有2-3cm誤差，屬正常範圍）^n^n⚠️現貨商品：下標後24小時內發貨，2-3天發往國際物流轉運中心，轉運中心一般4-7天左右可送達門市^n                      商品下標後2-3天經過掃描以後就會有物流信息顯示哦，請您耐心等待物流信息更新。,0,⭐️【純色字母】運動背心 女生運動內衣 外穿內搭健身 學生文胸跑步聚攏 無鋼圈性感 美背瑜伽 吊帶背心,[]
52,1186073089,199.0,44551604,自有品牌,好東西不定期更新優惠、折扣碼優惠、免運優惠。^n如果沒有顯示延長出貨之商品，表示可直接下單，皆為現貨供應12H寄出！^n^n現在凡消費滿額，在結帳前先點選折扣卷，皆可享有金額折抵！^n♛消費金額滿 699 ☞現享折扣 30元　最高可折抵120元^n✌本店獨享優惠折扣方案✌^n優惠不定時更新喔，請詳見賣場公告喔，謝謝^^^n━━━━━━━━━━━━━━━━━━━━━━━━━━ ◇^n#好東西平台內商品皆為台灣現貨^n#商品皆可直接下單12H寄出^n#不定時特銷商品出貨免運費^n━━━━━━━━━━━━━━━━━━━━━━━━━━ ◇^n❤商品名稱❤^n#好東西無鋼圈運動內衣^n━━━━━━━━━━━━━━━━━━━━━━━━━━ ◇^n❤商品特色❤^n^n運動不可避免的就是汗水^n女生長髮飄逸，平常像女神^n但運動後，流汗+瀏海油膩扁塌就像鬼😱^n好東西限時暖心活動，購買就送素面髮帶💋 💋 💋^n^n^n有在運動的女生一定要看^n運動最好不要穿有鋼圈的內衣，^n劇烈運動會使乳房組織斷裂、鬆垮^n以至於造成胸部疼痛、讓乳房永久性下垂^n所以好的運動內衣，會是您非常需要的選擇！^n^n親膚好材質，不讓汗水造成肌膚過敏^n專業車工內衣廠出品，全尺碼五個尺寸^n人體工學減壓肩帶，確保反覆拉伸不鬆弛^n超細纖維製成的好質料，吸濕排汗效果再加倍^n全罩杯包覆，固定並加強支撐，降低震動與拉扯^n溫柔無鋼圈，不壓迫不束縛，全心享受舒服的運動^n^n沒鋼圈穿起來會不會很沒安全感? ^n這款無鋼圈具有支撐包覆性，讓妳運動好自在^n慢跑、瑜珈、跳舞、騎車、羽球、健身、藍球...等^n高強度保護，適合各種運動穿搭除了好穿之外，還要妳超好看💋 ^n※本產品屬於個人衛生用品，拆封無猶豫期，如欲退貨請勿拆封※^n^n^n❤尺寸建議❤^n^nＳ號👉建議體重：40 ~50公斤^n下胸圍70-75cm，適合胸圍80-85cm^n內衣尺碼換算：70/32(ABC) ~75/34A^n^nＭ號👉建議體重：50 ~55公斤^n下胸圍75-80cm，適合胸圍85-93cm^n內衣尺碼換算：75/34(BCD) ~80/36A^n^nＬ號👉建議體重：56 ~65公斤^n下胸圍80-85cm，適合胸圍92-100cm^n內衣尺碼換算：80/36(BCDE) ~85/38(ABC)^n^nＸＬ號👉建議體重：65 ~78公斤^n下胸圍85-90cm，適合胸圍100-107cm^n內衣尺碼換算：85/38(DE) ~90/40(ABCD)^n^n２ＸＬ號👉建議體重：79 ~95公斤^n下胸圍90-95cm，適合胸圍105-113cm^n內衣尺碼換算：90/40E ~95/42(ABCD)^n━━━━━━━━━━━━━━━━━━━━━━━━━━ ◇^n❤商品參數❤^n^n【商品顏色】黑/白/灰/桃^n【商品尺寸】S M L XL 2XL^n【商品材質】94%聚酰胺+6%氨綸^n━━━━━━━━━━━━━━━━━━━━━━━━━━ ◇^n**任何商品皆可詢問，我們的客服猶如家人般的親切**^n☆ 有時訊息較多請稍後，營業時間所有訊息100%都會做回覆喔^n☆ 非營業時間時因訊息量較大，若是尚未回覆的話還麻煩稍後下，客服會竭盡所能盡快回覆的，還請放心喔 ^^^n━━━━━━━━━━━━━━━━━━━━━━━━━━ ◇^n賣場內另有▾▾▾點選連結快速逛▾▾▾^n^n#好東西保暖發熱纖維男士發熱衣^n^n#嘟嘟超輕肩背槍包^n^n#好東西抗靜電超薄發熱衣套裝^n^n#好東西最浪漫的100句我愛你情人項鍊^n^n#好東西高質感牛津布單肩背包^n^n↓↓查看更多點連結^n#好東西最卓越的優質網路平台^n#好東西包包精品服飾配件^n━━━━━━━━━━━━━━━━━━━━━━━━━━ ◇^n即日起，每日前五百名下單購買不論金額^n只要按☛「關注」與☛任一商品按「❤讚」^n即贈送神秘小禮物隨包裹寄出唷(✿◖◡◗)^n✌感謝捧場與支持✌^n━━━━━━━━━━━━━━━━━━━━━━━━━━ ◇^n各位好東西的顧客們您們好：^n我們是蝦皮優選的優良賣家【好東西】^n多年的誠信服務，給予顧客最保障的售後服務，最專業的客服團隊！^n嚴選商品的最佳高品質，破萬銷量的客戶評價，我們絕無第二家分店，購買前請確認【好東西】！^n^n⁂ 我們秉持著三大保障，優質售後服務超安心⁂ ^n‧專業客服與優質的售後服務，會在第一時間快速回覆。^n‧商品皆為台灣公司出貨，嚴格的商品把關與品質保證。^n‧政府合法立案登記，商品皆附上電子發票，安全有保障。^n**若需要紙本可下單備註可隨貨附上**^n購物若遇上疑問皆可詢問，我們會立即協助你解決問題。^n━━━━━━━━━━━━━━━━━━━━━━━━━━ ◇^n【退換貨須知】^n☆  若趕時間的話，可先詢問客服有無現貨唷~^n☆  下單前請再次確認選購的尺寸、顏色、款式、規格等等^n確認無誤後再進行下單，避免造成您後續換貨上的困擾唷。^n☆  賣場商品下單完成後，台灣現貨將會盡快為您安排寄出。^n☆  宅配預計最快約1-2天內到貨；超商預計最快約2-3天到貨。^n☆  若為急件、大量購買及其他問題可先聊聊洽詢，客服專員會為您服務。^n☆  「猶豫期」非「試用期」，在您還不確定是否要辦理退貨以前，請勿拆封^n一經拆封則依消費者保護法之規定，無法享有七天猶豫期之權益且不得辦理退貨。^n☆  商品只要有瑕疵 / 寄錯 / 其他問題，請在第一時間告知我們，我們會盡快為你安排換貨。^n━━━━━━━━━━━━━━━━━━━━━━━━━━ ◇^n【台北-汐止總店】^t^t^t^t^t^t^t^n⧓服務電話：(02)8693-3580^n⧓營業時間：週一至週五 09:30~18:00^n『例假日休息，商品皆會於上班日寄出唷。』^n⧓實體門市：新北市汐止區新台五路一段75號4樓之1^n^n^n,468,【台灣出貨 高抗震 無鋼圈 運動內衣 送彈性髮帶】 可拆胸墊 運動上衣 運動上衣 美背內衣 吸濕 全罩內衣 瑜珈 上衣,"['好東西平台內商品皆為台灣現貨^n', '商品皆可直接下單12H寄出^n', '不定時特銷商品出貨免運費^n━━━━━━━━━━━━━━━━━━━━━━━━━━◇^n❤商品名稱❤^n', '好東西無鋼圈運動內衣^n━━━━━━━━━━━━━━━━━━━━━━━━━━◇^n❤商品特色❤^n^n運動不可避免的就是汗水^n女生長髮飄逸，平常像女神^n但運動後，流汗+瀏海油膩扁塌就像鬼😱^n好東西限時暖心活動，購買就送素面髮帶💋💋💋^n^n^n有在運動的女生一定要看^n運動最好不要穿有鋼圈的內衣，^n劇烈運動會使乳房組織斷裂、鬆垮^n以至於造成胸部疼痛、讓乳房永久性下垂^n所以好的運動內衣，會是您非常需要的選擇！^n^n親膚好材質，不讓汗水造成肌膚過敏^n專業車工內衣廠出品，全尺碼五個尺寸^n人體工學減壓肩帶，確保反覆拉伸不鬆弛^n超細纖維製成的好質料，吸濕排汗效果再加倍^n全罩杯包覆，固定並加強支撐，降低震動與拉扯^n溫柔無鋼圈，不壓迫不束縛，全心享受舒服的運動^n^n沒鋼圈穿起來會不會很沒安全感?^n這款無鋼圈具有支撐包覆性，讓妳運動好自在^n慢跑、瑜珈、跳舞、騎車、羽球、健身、藍球...等^n高強度保護，適合各種運動穿搭除了好穿之外，還要妳超好看💋^n※本產品屬於個人衛生用品，拆封無猶豫期，如欲退貨請勿拆封※^n^n^n❤尺寸建議❤^n^nＳ號👉建議體重：40~50公斤^n下胸圍70-75cm，適合胸圍80-85cm^n內衣尺碼換算：70/32(ABC)~75/34A^n^nＭ號👉建議體重：50~55公斤^n下胸圍75-80cm，適合胸圍85-93cm^n內衣尺碼換算：75/34(BCD)~80/36A^n^nＬ號👉建議體重：56~65公斤^n下胸圍80-85cm，適合胸圍92-100cm^n內衣尺碼換算：80/36(BCDE)~85/38(ABC)^n^nＸＬ號👉建議體重：65~78公斤^n下胸圍85-90cm，適合胸圍100-107cm^n內衣尺碼換算：85/38(DE)~90/40(ABCD)^n^n２ＸＬ號👉建議體重：79~95公斤^n下胸圍90-95cm，適合胸圍105-113cm^n內衣尺碼換算：90/40E~95/42(ABCD)^n━━━━━━━━━━━━━━━━━━━━━━━━━━◇^n❤商品參數❤^n^n【商品顏色】黑/白/灰/桃^n【商品尺寸】SMLXL2XL^n【商品材質】94%聚酰胺+6%氨綸^n━━━━━━━━━━━━━━━━━━━━━━━━━━◇^n**任何商品皆可詢問，我們的客服猶如家人般的親切**^n☆有時訊息較多請稍後，營業時間所有訊息100%都會做回覆喔^n☆非營業時間時因訊息量較大，若是尚未回覆的話還麻煩稍後下，客服會竭盡所能盡快回覆的，還請放心喔^^^n━━━━━━━━━━━━━━━━━━━━━━━━━━◇^n賣場內另有▾▾▾點選連結快速逛▾▾▾^n^n', '好東西保暖發熱纖維男士發熱衣^n^n', '嘟嘟超輕肩背槍包^n^n', '好東西抗靜電超薄發熱衣套裝^n^n', '好東西最浪漫的100句我愛你情人項鍊^n^n', '好東西高質感牛津布單肩背包^n^n↓↓查看更多點連結^n', '好東西最卓越的優質網路平台^n', '好東西包包精品服飾配件^n━━━━━━━━━━━━━━━━━━━━━━━━━━◇^n即日起，每日前五百名下單購買不論金額^n只要按☛「關注」與☛任一商品按「❤讚」^n即贈送神秘小禮物隨包裹寄出唷(✿◖◡◗)^n✌感謝捧場與支持✌^n━━━━━━━━━━━━━━━━━━━━━━━━━━◇^n各位好東西的顧客們您們好：^n我們是蝦皮優選的優良賣家【好東西】^n多年的誠信服務，給予顧客最保障的售後服務，最專業的客服團隊！^n嚴選商品的最佳高品質，破萬銷量的客戶評價，我們絕無第二家分店，購買前請確認【好東西】！^n^n⁂我們秉持著三大保障，優質售後服務超安心⁂^n‧專業客服與優質的售後服務，會在第一時間快速回覆。^n‧商品皆為台灣公司出貨，嚴格的商品把關與品質保證。^n‧政府合法立案登記，商品皆附上電子發票，安全有保障。^n**若需要紙本可下單備註可隨貨附上**^n購物若遇上疑問皆可詢問，我們會立即協助你解決問題。^n━━━━━━━━━━━━━━━━━━━━━━━━━━◇^n【退換貨須知】^n☆若趕時間的話，可先詢問客服有無現貨唷~^n☆下單前請再次確認選購的尺寸、顏色、款式、規格等等^n確認無誤後再進行下單，避免造成您後續換貨上的困擾唷。^n☆賣場商品下單完成後，台灣現貨將會盡快為您安排寄出。^n☆宅配預計最快約1-2天內到貨；超商預計最快約2-3天到貨。^n☆若為急件、大量購買及其他問題可先聊聊洽詢，客服專員會為您服務。^n☆「猶豫期」非「試用期」，在您還不確定是否要辦理退貨以前，請勿拆封^n一經拆封則依消費者保護法之規定，無法享有七天猶豫期之權益且不得辦理退貨。^n☆商品只要有瑕疵/寄錯/其他問題，請在第一時間告知我們，我們會盡快為你安排換貨。^n━━━━━━━━━━━━━━━━━━━━━━━━━━◇^n【台北-汐止總店】^t^t^t^t^t^t^t^n⧓服務電話：(02)8693-3580^n⧓營業時間：週一至週五09:30~18:00^n『例假日休息，商品皆會於上班日寄出唷。』^n⧓實體門市：新北市汐止區新台五路一段75號4樓之1^n^n^n']"
53,7420056748,269.0,220330952,,【現貨】大陸寄出，下標1-3天寄出，寄出4-8天到超商門市，急要，要出國，時間趕的慎拍慎拍，不接急單。遙遠，請水水們補充足夠的時間哦，包裹出關後才會有物流更新，請告知哈，包裹壹旦寄出就退不回來，如果水水們不要了或者要取消訂單那麼我們就要直接損失，壓力好大好大的，請諒解。^n💞💞^n🌼 🌼 🌼 🌼 🌼 🌼 🌼 🌼^n^n產品：運動文胸上衣^n          ^n面料：75％尼龍，25％氨綸^n                  ^n尺碼：胸圍      建議平時內衣尺碼^n  S        62       70A/70B/70C^n  M       66       70D/75A/75B/75C/75D/80A/80B^n  L        70       80C/80D/85A/85B/85C/85D^n XL       74       90A/90B/90C/90D/95A/95B^n^n（手工測量，誤差3cm左右是正常的哦）^n     ^n^n^n ^n^n因拍攝燈光原因和顯示器不同，可能會與圖色有所區別，請以實物為準^n^n【購買須知】⛔️^n                          ^n⭐️經營理念⭐️^n愛好健身和瑜伽的女孩們〜把好貨分享給水水們哦💕^n希望美美的衣服能讓你們更加堅持運動哦〜讓你們越來越美〜越來越少女哦~~^n全部現貨供應^n品質真的都是超級贊，市面上很多同款質量不一的產品，我們有經過對比用了最好的面料〜^n水水們如果買過一次就會明白哦〜^n ^n有任何問題都可以通過聊聊直接聯繫到我哦〜^n^n^n＃運動內衣＃運動上衣運動內衣＃運動上衣＃運動＃慢跑＃跑步＃跑步＃跑步＃瑜伽＃訓練＃美背內衣＃運動內衣背心＃健身背心＃交叉背心＃bra＃交叉內衣＃露背背心＃健身＃高強度運動內衣＃防震＃內衣＃無鋼圈,143,Fairy Club性感美背搭扣運動內衣女高強度防震聚攏運動文胸瑜伽服健身文胸速乾透氣跑步重訓瑜伽背心全網最高品質6色選,[]
54,7238844302,189.0,261888471,自有品牌,⭐️歡迎光臨【HER】賣場⭐️^n^n🎈每天都會有好東西新的款式不定時更新，歡迎關注喔！^n⭕下單前記得先去首頁領取優惠券！^n^n【商品名稱】^n🩱美背瑜伽運動內衣^n^n✔產品參數✔^n🌵顏色：黑色 綠色 粉色 黃色 紫色^n🌵高質量款 防震運動內衣^n🌵不移位 不跑杯^n🌵吸汗塑身透氣 效果好                                                                                                                                                                                                                                       ^n🌵跑步健身休閒日常Party 吸睛款^n🌵舒適伸展 不易變形^n🌵可拆卸棉墊，更貼合身形不易變形清洗方便^n🌵單穿或者搭配外套都是很好的選擇                        ^n             ^n💗若有任何問題都請聊聊私訊客服協助您處理喔!  ^n     謝謝你們逛本賣場和支持 祝大家買到開心🤩^n^n#運動上衣 #健身 #訓練 #美背上衣 #運動 #跑步 #健身衣 #瑜伽 #無鋼圈內衣 #韓妞必備 #女生穿著 #性感 #現貨 #內搭 #抹胸 #透氣 #無肩帶抹胸 #簡約 #韓版 #背心 #運動背心,134,【HER】六月New 寬肩帶背心 高強度健身加寬封腰 聚攏防鎮 透氣速乾運動內衣,"['運動上衣', '健身', '訓練', '美背上衣', '運動', '跑步', '健身衣', '瑜伽', '無鋼圈內衣', '韓妞必備', '女生穿著', '性感', '現貨', '內搭', '抹胸', '透氣', '無肩帶抹胸', '簡約', '韓版', '背心', '運動背心']"
55,7619080683,365.0,8604016,自有品牌,布料：錦綸 有彈性^n尺寸：公分^n碼標    L    胸圍74     下圍64>撐開77      衣長29          建議適穿下圍77公分內^n碼標  XL    胸圍80     下圍70>撐開84      衣長29.5      建議適穿下圍84公分內^n碼標2XL    胸圍86     下圍76>撐開89      衣長30         建議適穿下圍89公分內^n碼標3XL    胸圍92     下圍82>撐開100    衣長30.5      建議適穿下圍100公分內^n碼標4XL    胸圍98     下圍88>撐開112     衣長31         建議適穿下圍112公分內^n●商品會因手工測量誤差3-5公分為合理^n●麻豆平常穿S碼，此商品穿碼標L實品拍攝^n,41,後扣一體成型L-4XL加大尺碼無鋼圈防震運動內衣速乾運動內衣F,[]
56,1125194202,220.0,16588202,0,--🔥MIUSTAR獨享活動🔥--^n^n❤不定期滿額優惠^n❤15天鑑賞期~全新品退貨無負擔，免運費上門取件🚛 ^n🌟活動一：不分新客舊用戶關注本賣場，截圖回傳聊聊，購物減$10優惠。^n🌟活動二：五星好評二次回購，購物減$20優惠。^n⬆️⬆️詳細獲得折扣辦法，聊聊諮詢申請。⬆️⬆️^n^n--🔥MIUSTAR獨享活動🔥—^n^n麻豆資訊^nMIKA ：三圍（30／23／32），身高158cm，體重43kg。^nOLI　：三圍（32／23／33），身高161cm，體重42kg。^nNIA　：三圍（32／25／33），身高161cm，體重44kg。^n^n賣場皆有商品尺寸圖片，以上為平放測量尺寸(寬度為平放測量一半，整圈=尺寸*2)，誤差正負２公分內為合理範圍^n不同批追加到貨商品的尺寸及顏色，皆會有些許誤差^n^n--------------------------------------------------------------------------^n【購物須知】^n‼賣場按照訂單明細的出貨，所以請把要買的顏色都加入購物車結帳，不要使用備註哦‼^n^n❤賣場上商品採少量現貨+預購制(若現貨售完會自動轉預購追加，系統不另行通知)，完成訂單現貨品2-3天寄出，預購品平均追加時為7-14工作天，不含例假日追加期，急要、要出國、時間趕的請慎重思考，請水水們預留足夠的時間哦。預購品正常追加需10-20工作天不含例假日。^n^n❤商品臨時斷貨或其他無法接受訂單情形，將通知您訂單不成立/取消訂單，蝦皮系統限制無法更改，所以還請您收到包裹後，申請此款商品退貨退款，賣場會直接退款至您的帳戶中，造成您的不便很抱歉。^n^n❤訂購件數太多或大衣請分開下單，若因7-11材積限制無法配送，系統會自動取消訂單，如有不便敬請見諒。^n^n❤本賣場寄出前均有檢查✅，水水們收到商品有任何的問題，歡迎在聊聊反應哦，小幫手會第一時間幫您處理，本賣場是非常負責任的💯。^n^n❤尺寸不符提供【退貨不換貨】服務，取貨後如有不適，商品全新狀況（非使用喔），請於鑑賞期內申請退貨，蝦皮賣場將安排黑貓宅急便取退貨包裹，請將商品使用膠帶包裝封好交給宅配人員(如未封好導致包裹運送過程商品有遺漏，需請您自行承擔，賣場將依照實際收到的商品為您處理退貨事宜)，且請於外包裝寫上『MIUSTAR退貨，黑貓宅急便收件』以避免黑貓司機取錯件，待賣場確認收到退貨商品，後續由蝦皮系統退款給您。^n--------------------------------------------------------------------------^n衣料  洗滌方式建議^n^n棉質^n*有印花圖案、補花字樣請翻面包洗衣袋洗滌，較可保護衣物圖樣，也可減少起毛球的情況^n*勿長時間浸泡、勿使用漂白水，勿使用烘衣機^n^n雪紡、紗質^n*建議盡量手洗或包洗衣袋^n*勿高溫烘乾或用力扭乾^n^n棉麻^n*較易褪色，盡量與其他衣物分開洗滌避免染色^n*容易起毛珠，盡量遊免搓採、摩擦^n*質地輕柔，建議手洗，機器洗的話請包洗衣袋並以低速洗滌^n*洗後吊掛陰乾或平晾，勿烘乾^n*不能用熨斗熨燙，建議使用蒸汽熨斗燙衣服，另洗滌棉麻衣服時，水溫也不宜過高，保持常溫洗滌較不損傷衣物^n*棉麻類衣服不宣漫泡，洗滌時間不宜超過30分鐘，並請使用冷水洗滌。^n^n牛仔^n*建議翻面洗滌並於陰涼處反面晾曬，以保護刷色^n^n針織^n*建議盡量手洗，勿大力扭轉或搓揉；機器洗的話請摺疊包洗衣袋洗滌^n*洗後勿烘乾、建議平放於陰涼處晾乾^n(因針織商品本身有重星，吊掛可能使商品變形拉長)^n^n毛料^n*建議乾洗^n*勿用熱水清洗，避免衣物緊縮變形^n*洗後應平舗於毛巾上或晾衣架，置於陰涼處自然陰乾^n^n泳衣、內衣^n*建議加冷洗精或中性洗衣劑手洗，於水中柔和地按壓清洗^n*洗後以毛巾輕壓擠出水分，置於陰涼處平放晾乾即可^n(切勿在太陽下直接曝曬，吊掛可能造成衣物變形)^n^n羽絨衣、鋪棉外套^n*以中性冷洗精清洗，建議盡量手洗，勿用熱水清洗^n*機器洗的話請將拉練或扣子扣好包洗衣袋，以低速清洗，盡量勿與其他衣物一起洗滌^n*建議自然陰乾，勿直接曝曬太陽，晾乾後可輕拍衣服恢復蓬鬆度^n^n刷毛類^n*建議手洗，也可包洗衣袋清洗；勿用熱水、漂白水、勿烘乾^n*前幾次清洗多少會有棉絮脱落，屬正常現象，但會随清洗次數減少,324,MIUSTAR 舒適機能透氣排汗親膚棉罩杯式運動內衣(共3色，M-L)0211 預購【NH0604GW】,[]
57,1848922684,290.0,3164039,,背扣式設計增加胸部穩定性^n固定式罩杯^n背部跟側邊都是美背設計^n都是亮點^n兼具時尚跟性感^n^n^n#時尚運動內衣 #美背運動內衣 #固定罩杯設計 #高強度防震 #瑜珈跑步健身 #胸部不移位 ,6200,時尚性感運動內衣 高強度防震 鏤空美背 固定襯墊胸部不跑動不移位 健身房瑜珈跑步戶外運動 J84,"['時尚運動內衣', '美背運動內衣', '固定罩杯設計', '高強度防震', '瑜珈跑步健身', '胸部不移位']"
58,2616388473,519.0,151149638,Calvin Klein(凱文克萊),⚠此商品基於衛生問題，不提供退換貨的部分喔!!^n^n請見諒～也請同理心，這部分我們絕對嚴格把關!!^n您應該也不想收到別人穿過的內衣產品🙏🙏^n━━━━━━━━━━━━━━━━━━━^n可參考我們的評價～～我們只販售正品，並合法開立電子發票^n請找合法開立發票的買最有保障^____^^n-^n^n🔹內衣^n✔『有襯墊』、『無鋼圈』穿起來超級舒服!!!^n✔背部為交叉設計，內衣更為固定很有安全感^n✔穿起來有集中托高的效果，讓胸部圓圓的很性感很美^n-^n^n🔹內褲(這賣場販售的是寬帶版)^n寬帶版跟細帶版的差異，跟大家說明一下^n^n1.成本: 寬帶版的成本高上許多^n2.含棉量: 布料的含棉量不同，寬帶版的較舒適滑順^n3.包覆度: 寬帶版的腰部包覆度好上許多^n4.縫線精緻度: 粗帶版的縫線車邊整體來說是比較精緻的^n^n⚠賣場也有賣最熱門的細帶版本的CK內褲(丁字、三角都有)^n可以去逛逛一起下單^^^nhttps://shopee.tw/product/151149638/4211900487/^n━━━━━━━━━━━━━━━━━━━^n♦內衣:^n^n✔顏色:^n黑、灰、粉^n^n✔尺寸:^nXS、S、M、L、XL^n^n32A、34A、30A、30B、32B 穿XS^n34A、32B、32C、32D穿S^n34B、34C、34D、32E 穿M^n36A、36B、36C、34D、36D、34E、36E穿L^n38A、38B、38C、38D 穿XL^n^n━━━━━━━━━━━━━━━━━━━^n♦寬版內褲^n^n✔️尺寸建議 :^n(寬版腰圍比其他款大，尺寸可以再拿小一號‼️)^n^n✔建議尺寸:^n^n156/43穿XS^n(建議38-46KG建議XS)^n^n164/47穿S^n(46-53KG建議S)^n^n161/54M^n(54-60KG左右建議M)^n^n尺寸:^nXS 腰圍 24-25寸^nS 腰圍 25-26寸^nM 腰圍 27-29寸^nL 腰圍 30-32寸^n^n寬版S 腰圍35/褲長21^n寬版M 腰圍37.5/褲長22^n寬版L 腰圍39.5/褲長22,1133,✔️快速出貨開立發票 🔥| 美國正品🇺🇸 Calvin Klein CK 內衣 有內襯 內褲 交叉美背 運動內衣,[]
59,2012419115,299.0,20120703,UNDER ARMOUR(安德瑪),活動特價款，不免運費^n^n品牌：Under Armour^n^n罩杯尺碼表^n尺碼^t上胸圍^t下胸圍^t歐碼罩杯^nS^t78^t68^t70A、70B^nM^t83^t73^t70B、70C、75A^nL^t88^t78^t70D、75B、75C、80A^nXL^t93^t83^t75C、75D、80C、85A、80B^nXXL^t98^t88^t80D、85B、85C、85D^n^n我應該穿什麼尺寸的文胸？什麼是罩杯大小？^n1.（32=70  34=75  36=80  38=85）指的是下胸圍的大小^n2.ABCD指的是罩杯的大小，上胸圍減去下胸圍差通過罩杯對照表即可得到您的罩杯級數^n,862,Under Armour安德瑪 UA 女款 運動 健身 瑜伽 中強度型 內衣,[]
60,3127181532,57.0,44434555,自有品牌,⚠️單一尺寸^n罩杯大C以內、下胸圍75-85 cm適合（附罩杯、可替換）^n^n^n^n⛔⛔⛔ 購買須知 ⛔⛔⛔^n⚠ 內衣褲屬於貼身物品 不提供退換貨。^n⚠ 因拍攝燈光原因和顯示器不同，實品多少會與圖片有所區別，以收到實品顏色為主。^n⚠ 麻豆穿著效果僅供參考，畢竟每個人身材不一樣效果也會有偏差。^n⚠ 開包裹時請錄影 以確保你我權益喔。^n⚠瑕疵定義：大片髒汙、破損、嚴重影響外觀狀況。^n^n🔺不符合瑕疵定義：^n1.商品洗滌後輕微褪色屬於正常現象，請於清洗時，務必分開清洗以免染色，且勿使用有漂白成分洗劑及避免長時間浸泡。^n2.商品本身味道、小線頭、輕微脫線、螢幕色差、扣眼未開、釦子沒縫緊、極小汙點、正負3cm的誤差。^n3.刷色、破洞、鬚鬚商品因工廠手工製造關係，不能保證與賣場照片完全相同。,419,大U 修挖背無鋼圈內衣背心 V17 吊帶 手掌杯集中包覆 可調肩帶 內衣背心 一片式厚墊 上薄下厚 吊帶美背運動 小可愛,[]
61,1063976262,199.0,25335685,,*穿著步驟*^n1.先將脖子套入^n2.再將左右手穿入^n3.將背鉤扣上^n4.調整背帶、撥正胸部^n◎高支撐緩震專業運動內衣，獨特時尚豹紋時尚超有型^n◎大U美背背心式肩帶設計，固定緩震保護雙胸效果佳^n◎立體罩杯集中包覆，避免胸部外擴困擾^n◎無鋼圈、無束縛、壓迫感；附波浪三角內墊，新型開發採五指杯膜^n◎集中深V完美托提，零著感親膚性極佳^n◎穿著貼身外衣時，曲線平整不露內衣痕跡^n◎獨創高透氣機能塑身，無痕內衣再進化^n◎簡單舒適、手感細膩！立體貼身剪裁、完美版型^n◎簡約大器、顯瘦版型，符合時尚潮流趨勢必備款^n◎在經典中創造各型時尚新元素，精湛的剪裁，穿著零壓力舒適不緊繃^n◎可外穿的運動美胸衣，適合騎車、慢跑、登山、瑜珈…….等運動，集中托高、維持完美體態^n^n商品內容：內衣x1件^n商品顏色：灰藍^n商品材質：25％尼龍、5％彈性纖維、70％聚酯纖維^n商品尺寸：M－XXL^n鋼圈：無^n肩帶：背心式肩帶，不可拆不可調^n襯墊：活動五指杯膜襯墊±1cm^n背鉤：3排2鉤^n商品型號：7713^n^n#無鋼圈 #排汗 #瑜珈 #運動內衣 #內衣 #女生內衣 ^n#健身 #彈性佳 #舒適 #吸濕排汗 #機能型內衣 ^n#集中 #BraT #居家內衣 #美背 #下擺加寬 #睡眠內衣,23,黛瑪Daima 豹紋無鋼圈運動內衣 M-XXL 灰藍色 集中包覆美背內搭睡眠防震瑜珈  7713 時尚,"['無鋼圈', '排汗', '瑜珈', '運動內衣', '內衣', '女生內衣^n', '健身', '彈性佳', '舒適', '吸濕排汗', '機能型內衣^n', '集中', 'BraT', '居家內衣', '美背', '下擺加寬', '睡眠內衣']"
62,1445985319,342.0,26226716,自有品牌,🈵全館商品⭐️滿699免運費 💨^n^n^n【現貨】大陸浙江寄出，下標1-3天寄出，寄出4-8天到超商門市，急要，要出國，時間趕的慎拍慎拍，不接急單，包裹需要從奉化寄到上海出關然後坐飛機飞机到台灣再到門市，路途遙遠，請水水們預留足夠的時間哦，包裹上海出關后才會有物流更新，請知曉哈，如果水水們不要了或者要取消訂單那麼我們就要直接損失，壓力好大好大的，請諒解。^n🍥🍥🍥🍥🍥🍥🍥🍥🍥🍥🍥🍥🍥🍥🍥🍥🍥🍥^n^n貨號：HBX^n                 ^n🎉產品：新款高品質運動文胸 高端運動內衣  ^n          ^n🎉面料成分：87%尼龍，13%氨綸  ^n                  ^n🎉尺碼：^n          S:  胸圍65  下擺58 衣長32 ^n          M: 胸圍69  下擺62 衣長33^n          L: 胸圍73   下擺66 衣長34^n^n     ^n🎉特性：^n^n^n^n🍥🍥🍥🍥🍥🍥🍥🍥🍥🍥🍥🍥🍥🍥🍥🍥🍥🍥^n^n    洗滌方式＆貼心提醒：^n⭐️尺寸皆為手工測量，誤差1-2cm內為正常範圍。^n⭐️若商品有些微線頭再麻煩水水自行修剪一下哦。^n⭐️勿長時間浸泡、勿使用熱水、勿使用漂白水、勿使用烘衣機。^n⭐️建議單獨洗滌，手洗 。^n^n^n⭐️經營理念⭐️^n小桃是個愛好健身和瑜伽的女孩，喜歡把好貨分享給水水們哦💕^n讓你們越來越美 ~越來越少女哦~~^n小桃家的款式大部分都是獨家定制款哦~全部現貨供應^n品質真的都是超級贊^n水水們如果買過一次就會明白哦~^n ^n🔺有任何問題都可以通過聊聊直接聯繫到我哦~^n^n品質真的都是超級贊^n水水們如果買過一次就會明白哦~^n^n^n#運動內衣 #運動背心 #運動上衣 #運動 #慢跑 #跑步 #瑜伽 #訓練 #美背內衣 #運動內衣 背心 #健身背心   #bra背心  #運動背心女  #健身 #高強度運動內衣 #運動內衣 防震 #內衣 #運動內衣 無鋼圈 #瑜伽服 #聚攏 #美背背心,303,【現貨】Movingpeach運動內衣歐美瑜伽運動文胸健身美背聚攏背心式防震跑步訓練舞蹈內衣大露背 HBX,"['運動內衣', '運動背心', '運動上衣', '運動', '慢跑', '跑步', '瑜伽', '訓練', '美背內衣', '運動內衣背心', '健身背心', 'bra背心', '運動背心女', '健身', '高強度運動內衣', '運動內衣防震', '內衣', '運動內衣無鋼圈', '瑜伽服', '聚攏', '美背背心']"
63,6233345688,998.0,60586844,NIKE(耐吉), 📌商品型號：黑 BV3637010 白 BV3637100 綠 BV3637321^n^n📌材質：透氣排汗^n^n🔸商品尺寸無法即時更新，下單前可先詢問。^n🔸商品價格與實體店面同步，發票由蝦皮代開電子發票。^n🔸商品皆為全新，少許線頭殘膠皆屬正常。^n🔸7-11、全家、萊爾富當日5點前下單當日寄出。^n🔸出貨前會檢查商品是否有問題，消費者收到商品拆貨一律全程錄影存證保障雙方權益。^n🔸所有商品皆為台灣公司貨，不賣假貨，若有假貨願意接受法律程序。^n🔸每日服務時間為10:30-18:00 。^n-^n🏠店面地址：苗栗縣頭份市東庄里東民路160號1F^n-^n💁🏼‍♀️👉🏻FB粉絲專頁：曼哈頓運動休閒館^n- ^n以上可接受再下單購買，祝各位購物愉快❤️,17,[Nike] 中強度運動內衣 包覆佳 黑 BV3637010 白 BV3637100 綠 BV3637321,[]
64,199727433,245.0,14517,自有品牌,"✔ 具可拆式胸墊,基本百搭款,搭配在內裡超舒適哦 :)^n✔ 高聚攏集中^n✔ 包覆性佳^n✔ 適合高強度運動^n^n尺吋 : M / L 請參考內圖最後一張^n^n*本產品屬衛生用品，拆封無猶豫期，如欲退貨請保持全新未拆封，商品一經開封即不提供退換服務^n^n收到衣服後，給評價時只要穿上並自拍上傳照片！即可於下次回購時得到”專屬回購折扣代碼”！！！^n趕緊分享給好友哦！👍👍^n^n【全家超商】下午三點前結帳當天出貨,2-3天配達^n【7-11超商】下午一點前結帳當天出貨,2-3天配達(配合物流故不會顯示到超商寄件)^n【賣家宅配】寄出後1-2到【需下午三點前付款】^n缺貨會於當天傍晚通知，不接急單，不接急單哦! 週日休息不出貨。^n^n^n^n#BANG  #bang女生愛運動 #bang運動內衣^n#無鋼圈 ^n#運動內衣^n#防震  ^n#瑜珈 ^n#背心 ^n#跑步 ^n#聚攏 ^n#運內 ^n#基本款 ^n#內衣 ^n#運動內衣",252,BANG 無鋼圈運動內衣 防震 瑜珈 背心 跑步 聚攏 運內 基本款 內衣 運動內衣【B302】,"['BANG', 'bang女生愛運動', 'bang運動內衣^n', '無鋼圈^n', '運動內衣^n', '防震^n', '瑜珈^n', '背心^n', '跑步^n', '聚攏^n', '運內^n', '基本款^n', '內衣^n', '運動內衣']"
65,6718340783,299.0,13255752,YURU BRA 玉如阿姨,"🌟【給評分享拿專屬代碼】若您在阿姨賣場購物後留下『5顆星評價』+『評價內上傳收到的實體商品照片』並截圖後用聊聊告知，即可領取一組隱藏版折扣碼！歡迎大家踴躍參加🌟(一筆訂單限領一張)^n^n✪堅持全館【台灣製造】品質保證，給您最親切專業的內衣推薦^n✪若有內衣尺寸或相關問題都歡迎先【聊聊💡】諮詢阿姨後再做選購會更為準確唷😘😘^n✪賣場內大部分商品皆是現貨，備貨時間約2-5個工作天即出貨(不含假日)，若遇缺貨我們會儘快告知並討論後續處理^n✪賣場上皆不是成套販賣，如需加購配褲可於【優惠加購區】選購^n✪玉如阿姨內衣均有經濟部商檢局M55249標識，如有其他合作供應商，則依標示上為主^n^n【商品特色】^n★軟布條取代鋼圈，輕捧側推剪裁更集中^n★兩側超大提托片，鎖住肉肉集中不外擴^n★全罩式設計，大動作也不易走光^n★一體成型Q軟杯模，薄襯軟泡棉不激凸^n★表布為超細無痕布，腋下拼接洞洞透氣布^n★內裡採竹炭洞洞布，消除異味又透氣^n★背布為雙層超細纖維布，柔軟好穿彈性佳^n★鬆緊帶的下土台，搭配三排扣可調整舒適下圍^n★台灣製造，品質保證^n^n【鋼圈類型】^n無鋼圈^t^t^t^t^t^n^n【肩帶規格】^n可調不可拆式^t^t^n^n【背扣規格】^n3排3扣^n^n【內衣材質】^t^t^t^n藍^n面料，側翼：嫘縈61%，彈性纖維6.5%，尼龍32.5%^n杯裡：聚酯纖維100%^n^n灰^n面料，側翼：嫘縈56%，彈性纖維3%，聚酯纖維41%^n杯裡：聚酯纖維100%^n^n膚^n面料：尼龍84%，彈性纖維16%^n側翼：尼龍66%，彈性纖維34%^n杯裡：棉35%，聚酯纖維65%^n^n【內襯類型】^t^t^t^nBCD罩：均厚約1公分^n^n【罩杯杯型】^n全罩^n^t^n【罩杯深度】^n普通^t^t^n^n【尺寸建議】^t　^nB罩：普通B^nC罩：普通C^nD罩：普通D^n^n【退貨說明】^n⚠一般退貨說明(切勿點選""完成訂單"")^n一般商品提供免費退貨一次，請於收到商品鑑賞期內於蝦皮賣場申請退貨，將會盡快派車取件^n(為加快處理速度，恕不提供換貨，若有需要都歡迎重新下訂)^n^n⚠瑕疵品退換貨^n若您收到商品後有任何瑕疵請於鑑賞期內通知客服，我們會儘快幫您做免費換貨處理^n^n⚠內褲試穿後不接受退貨^n依消保法規定內褲屬個人衛生用品，如欲退貨請勿拆封試穿，經拆封試穿後不能退換貨^n^n⚠注意事項^n1.請在收到貨品後鑑賞期內退貨，逾期恕不受理^n2.商品因個人需求而有做客製化修改，無法辦理進行退貨^n3.為加快處理速度，商店只提供免費退貨，恕不提供換貨，若有需要都歡迎重新下訂^n4.訂單接受部分退貨，請於申請退貨時選取即可，例外情況:分期付款需整筆退貨/含加購品商品需整組一起申請退回^n5.退貨商品請保持完整，不可沾染香味汙漬、拆卸吊牌、剪水洗內標以及浸泡洗滌^n6.請保持內外包裝之完整性，若有商品或配件有缺損情形，將會收取部分費用^n7.基於個人衛生以及確保商品能二次銷售，內褲/織襪品/矽膠類試穿過無法辦理退貨^n8.信用卡退款會進行刷退，取貨付款退款會先退至蝦皮錢包內，款項由蝦皮代收，非商家帳戶，若您對於款項有任何問題，需請電洽☎蝦皮專線(02)66366559詢問^n^n【品牌殊榮🔥】^n👉榮獲連續三年2014/2015/2016年數位時代《網路賣家100強》^n👉2019Mybest評選台灣10大內衣品牌^n👉IOS手機APP內衣類-熱門排行前三名^n👉蝦皮【2017年度金選店】入圍^n👉蝦皮商城-蟬聯女裝熱銷排行榜前3名^n👉2017/2018年蟬聯榮獲超級商城【超級金店獎】^n👉獲評超級商城""最佳服務力""品牌^n👉樂天風雲賣家內著類-網友票選第2名^n👉三立新聞台專訪^n👉商業週刊專訪^n👉今周刊台灣人氣電商報導^n👉波波黛莉評選-台灣6大好評內衣店!^n👉蘋果日報專欄報導^n👉YAHOO時尚美妝專欄介紹^n👉 DailyView內衣品牌票選第一名^n👉 MOMO品牌專訪^n👉SmartM-雜誌專訪^n👉入圍知名雜誌BODY體面奧斯卡^n👉獲線上誌""美人圈""評選超人氣內衣品牌^n👉 獲評FashionGuide【人氣口碑TOP3】",532,玉如阿姨 動感狙擊內衣 無痕 無鋼圈 舒適 機能 居家 運動 台灣製 BCD罩 S129灰,[]
66,2118943048,99.0,784310,自有品牌,❗️XL-膚、粉、豆沙目前缺貨中❗️^n^n穿著尺寸對照：(吋)^nM：下胸圍30～32 適穿罩杯ABCD^nL：下胸圍33～36 適穿罩杯BCDE^nXL：下胸圍37～40 適穿罩杯BCDEF^n^n材質：91％POLYESTER聚酯纖維^n            9％SPANDEX彈性纖維^n^n產地：香港^n^n——^n^n#運動內衣 #無鋼圈運動內衣 #bartop ,89,舒適無痕無鋼圈運動內衣BarT 睡覺可穿 九色可選,"['運動內衣', '無鋼圈運動內衣', 'bartop']"
67,1691263996,218.0,17483382,自有品牌,"◆商品介紹：性感細帶、美背文胸，面料手感柔軟細膩，細帶拉力下擺圍，背部細帶固定，經典包覆承托，輕鬆舒展，提供高輕度的運動支撐，性感魅力，優雅露背。^n^n◆款式：運動文胸^n◆風格：簡約自然^n◆彈力：高彈^n◆厚度：適中^n◆柔軟：適中^n◆否有鋼圈：無鋼圈^n◆肩帶類型：固定雙肩帶^n◆版型：修身^n◆材質：錦綸/尼龍^n◆顏色：珊瑚紅,黑色,粉色,淡紫灰^n◆尺碼：S~2XL^n◆設計特色：光面,插片^n◆適用場景：舞蹈運動,運動潮流,健身美體,跑步運動^n---------------------------------------------^n尺寸/cm^n^nS-衣長30  上胸圍58 下胸圍55^n^nM-衣長31  上胸圍61 下胸圍58^n^nL-衣長32  上胸圍65 下胸圍62^n^nXL-衣長33  上胸圍68 下胸圍65^n^n2XL-衣長34  上胸圍71下胸圍68^n^n~~因燈光拍色，實際上顏色比較顯色（珊瑚紅比較深的珊瑚紅)，介意者勿下標，如果對顏色比較敏感的甜心，建議黑色的。~~^n^n^n溫馨提示：因受拍攝場景光線和不同電腦顯示等影響，顏色會有稍許差異以實品為準。可按照平時購買服裝習慣選擇尺碼.尺碼為純手工測量，因個人測量習慣和工具不同，存在(1-3CM)合理誤差，敬請諒解。^n^n洗滌說明：^n※洗滌水溫價9≦30°^n※勿長時間浸泡^n※勿使用漂白水^n※勿使用烘衣機^n※勿建議單獨洗滌，手洗^n※懸掛晾乾^n^n^n****感謝您的支持******^n※賣場為現貨+追加預購方式銷售。^n※【Mei store】出貨天數一律設定為10天，有現貨可當天或1-2天寄出。追加預購的部份，下標即表示同意無現貨下需等待追加5-10天出貨(如果無法等請先聊聊詢問有無現貨)。^n※本賣場在出貨前均有檢查，偶爾也有不小心的時候，水水們收到商品有寄錯或少寄等問題，麻煩您在第一時間聊聊告知。^n※【瑕疵】沒辦法排除運送過程中碰撞.我們盡量降到最低了。(如有重大瑕疵是可換貨.例文胸損壞，也請您在第一時間聊聊告知，請勿直接低評價，拜託！謝謝您！^n※有任何問題水水都可在聊聊詢問唷。^n------------------------------------------------------------------^n#舞蹈上衣 #訓練上衣 #休閒上衣 #文胸 #鏤空上衣 #胸衣 #顯瘦上衣 #舞蹈服 #健身上衣 #健身服  #瑜伽服 #韓版運動文胸 #運動上衣 #運動服 #休閒服 #運動內衣 #美背內衣  #運動背心",213,性感細肩帶無縫運動內衣透氣無鋼圈文胸高支撐肩帶內衣防震聚攏瑜伽健身文胸運動上衣【4色S~2XL】胸墊可拆式 瑜珈,"['舞蹈上衣', '訓練上衣', '休閒上衣', '文胸', '鏤空上衣', '胸衣', '顯瘦上衣', '舞蹈服', '健身上衣', '健身服', '瑜伽服', '韓版運動文胸', '運動上衣', '運動服', '休閒服', '運動內衣', '美背內衣', '運動背心']"
68,5606940866,199.0,20036,自有品牌,💖 💖 💖JCH.tw 💖 💖 💖 ^n本賣場💯台灣出貨 已完成國稅局登記，隨貨附發票^n^n🔥折扣優惠隨時火熱更新🔥 ^n凡購買本賣場內任何商品，即可享有折扣優惠活動 ^n立即索取最新優惠折扣代碼，點選「查看賣場」☆^n全館消費金額🈵️600折15元^n全館消費金額🈵️700元折20元^n全館消費金額🈵️800折30元^n全館消費金額🈵️1000折40元 ^n全館消費金額🈵️2000折50元 ^n全館消費金額🈵️3000折100元 ^n^n📣 運費優惠看這邊 📣 ^n全館消費🈵️額享有  「OK超取」、「萊爾富超取」、「全家超取」、免運費 就是免運費^n      記得於結帳前 要((使用運費優惠卷哦))!!!         對對對~~記得同時還能使用折扣碼 讓您省更多^0^^n^n「含稅開發票」 台灣賣家 品質保證  售後服務有保障^n★★★ 含稅隨貨附上二聯發票，若需要三聯式打統編的請一定要於下單時備註您的抬頭統編★★^n★★★台灣賣家 台灣出貨 隨貨附上發票 讓您買的安心 用的放心★★★^n^n必看~~~~~~~~~~~~~~~~~~~~~~~~~~~~~~~~~~~~~~~~~~~~~~~~~~~~~~~~~~~~^n✓我們是台灣賣家 我們保證 台灣出貨 售後服務有保障^n✓我們是台灣賣家 我們保證 出貨一個一個檢查^n✓我們是台灣賣家 我們保證 標示有現貨的出貨後2~3天讓您收到(例假日除外)^n-------------------------------------------------------------------------^n✘我們不是海外賣家 我們不會 售後服務沒有保障^n✘我們不是海外賣家 我們不會 標示現貨但讓您10天後才收到^n✘我們不是海外賣家 我們不會 你圖片上看到的和您收到的不一樣^n--------------------------------------------------------------------------^n千萬、真的不要為了省幾十元 去買海外賣家的商品^n有可能拿到和圖片上看到不一樣 ^n海外賣家退貨還會叫你自費寄回大陸 ^n千萬，真的不要再受騙上當了^n我們保證 台灣賣家 台灣出貨 售後服務一切都有保障^n----------------------------------------------------------------------------^n^n最強運動內衣 帶點珠光 美的不要不要的^n強勢登場^n有胸墊^n^n肩帶為固定式細肩帶 ^n功能：美背 性感  運動^n顏色：精靈深灰色  暖心淺灰色  浪漫珊瑚紅^n尺碼：S M L^n^n尺碼（手工測量）^n上胸圍S34 M36 L38 ^n^n下胸圍S28 M30 L32 ^n^nS建議體重47公斤以下 平日內衣尺碼70/32ABC^n^nM建議體重47-54公斤 平日內衣尺碼70/32D，75/34ABCD，80/36AB^n^nL建議體重54-60公斤平日內衣尺碼80/36CD，85/38AD^n^n貼心提醒:清洗建議手洗，水溫控制在20-32度不能高，因為此為訂制高溫壓膠制程，;才能如此舒服的無鋼圈又包覆，若清洗時水太燙溫過高或用洗衣機洗可能會影響到商品本身，導至內衣損壞， 也不能浸泡太久哦，用清水手洗幾下，就可以曬乾嚕^^^n^n📢 📢 📢注意📢 📢 📢^n依照消保法，內衣、內褲、貼身衣物等商品(亦指本商品屬個人衛生用品)^n拆封無7天猶豫期，如欲退貨請勿拆封，謝謝合作。^n^n【客服諮詢】:^n ‧線上快速諮詢，有任何問題歡迎詢問，善用聊聊，有專人在線為您服務。 ^n‧如收到產品時發現產品異常，請拍商品照片和貨單，傳至聊聊，客服人員上班時間會馬上為您處理。^n ‧聊聊訊息大量，客服人員依序處理，如有怠慢，請您稍微等待，請勿用評價作溝通管道哦!^n ‧喜歡我們商品與服務，歡迎給我們滿滿★★★★★顆星哦! ^n‧商品持續上新，歡迎追蹤 +關注^n^n^n⛔請勿使用評價溝通⛔^n若有任何問題都請聊聊私訊客服協助您處理喔!^n再次感謝您的支持與訂購^0^^n,128,影片實拍📹現貨免運附發票 熱銷NO.1【A15】性感撩人 珠光精靈細肩帶款 運動 美背 瑜伽 無鋼圈 內衣 pro級,[]
69,1597587885,73.0,76528995,,春夏秋冬新款高強度專業運動文胸^n^n包裹性好，適當減震，速乾，吸汗，透氣^n^n適合跑步、單車、瑜伽、跳操、打球、鄭多燕、運動器械等各類體能訓練^n^n ^n^n ^n^n自帶胸墊，胸墊可靈活拆卸，胸墊請拿出單獨清洗漂洗即可^n^n ^n^n出口北美及南韓，段染工藝，前後雙層，拆卸式胸墊^n^n一體成型無縫產品，外面跟內層顏色不同^n^n面料更緊密，彈力更大回彈更好^n^n【面料】95%錦綸（不是棉！）、5%氨綸（彈力纖維）^n^n這款運動背心面料厚實，雙層設計，上身舒適而不勒^n^n品質非常好，上身效果也超棒。雙層面料，手感厚實^n^n 產品為中厚款四季皆宜，運動性強配有胸墊！^n^n如果親是一位運動愛好者，請選擇無鋼圈的內衣，無束縛無壓迫，更舒適更健康^n   背心尺碼表^n^n          S  70A 70B 70C 70D 75A 75B  ^n^n          M  75C 75D 75E 80A 80B 80C ^n^n      L 80D 85A 85B 85C 85D 90A 90B 90C,134,健身運動內衣女bra背心式瑜伽少女細肩帶打底零束縛美背跑步外穿健身背心式防震訓練運動文胸女春夏季速幹跑步無鋼圈內衣,[]
70,1559947050,499.0,4850817,自有品牌,🔥闆娘實拍^^^n這款超包副乳+下擺下長。穿起來非常舒適^^^n^n想搭整套，請搜尋 --->  第二代美臀褲^n^ncolor:豆沙粉。裸色。灰藍。黑色。焦糖咖^n^nS - 上胸圍66-84 | 下胸圍60-86 | 衣長36^nM - 上胸圍70-88 | 下胸圍64-90 | 衣長67^nL - 上胸圍74-92 | 下胸圍68-94 | 衣長38^n^n(闆娘165cm 58-60kg 34D 穿M，下擺有加長喔，包覆性強^^)^n^n小提醒：^n🔺非現貨商品皆需等待7-12個工作天，質量檢查後一定火速寄出商品。^n🔺商品皆為貼身衣物寄出後無法退換貨，請多多包涵，闆娘商品都會實拍給大家參考^n🔺請寶貝們記得確認尺寸唷，有任何問題都可以先詢問闆娘。,347,🔥闆娘實拍🔥超包覆 大U領運動內衣🔥,[]
71,5829022159,990.0,7773370,Nike(耐吉),近期最火的NIke中度支撐小勾運動內衣來囉！^n健身跑步打球跳舞一件搞定^n^n材質：聚酯纖維^n全新/100/正品^n貨源：台灣運動用品經銷商,24,NIKE SWOOSH LOGO 運動內衣 中度支撐 BV3637-010,[]
72,1262069561,99.0,17510388,自有品牌,前扣式運動內衣^n顏色：膚色/黑色/粉色/灰色^n尺寸：M/L/XL^n^n#前扣式運動內衣 #容易穿脫運動內衣 #無鋼圈內衣 #胸罩 #蕾絲運動內衣 #前扣內衣,71,前扣式運動內衣 容易穿脫運動內衣 無鋼圈內衣 胸罩 天天雜物購,"['前扣式運動內衣', '容易穿脫運動內衣', '無鋼圈內衣', '胸罩', '蕾絲運動內衣', '前扣內衣']"
73,1290951406,100.0,73256130,,上薄下厚無鋼圈，聚攏蜂窩按摩，健康舒適的選擇^n^n3D立體杯面，加寬舒適肩帶^n^n減少壓力，舒適自在。增大受力面積，有效防止文胸移位減少壓力，增加舒適度，加寬下擺 ^n^n排汗也好，罩杯處有蜂窩壹樣的凹凸排汗孔，排汗快，穿著也是舒適^n^n無鋼圈，晚上穿著睡覺想沒穿壹樣  ^n^n側收聚攏，加寬的設計能收副乳  上薄下厚的設計輕松穿出c杯^n^n不能錯過的文胸，我為妳們推薦....^n^n颜色：黑色，紅色，膚色，藍色，粉色^n^n碼數建議：^nM碼：適合胸圍75CM~85CM^n32/70A，32/70B，32/70C，32/70D^n34/75A，34/75B^n^nL碼：適合胸圍86CM~92CM^n34/75C，34/75D^n36/80A，36/80B，36/80C^n^nXL碼：適合胸圍93CM~100CM^n36/80D^n38/85A，38/85B，38/85C，38/85D^n40/90B，40/90C，40/90D^n^n👇🏻👇🏻👇🏻👇🏻👇🏻👇🏻👇🏻👇🏻👇🏻👇🏻👇🏻👇🏻👇🏻👇🏻👇🏻👇🏻^n^n💋  #萬芸 👈👈👈 請點我 👀^n💋  #WY 👈👈👈 請點我 👀^n💋  #內衣 👈👈👈 請點我 👀^n💋  #萬芸內衣 👈👈👈 請點我 👀^n💋  #萬芸無鋼圈內衣 👈👈👈 請點我 👀^n💋  #WY內衣 👈👈👈 請點我 👀^n💋  #万芸 👈👈👈 請點我 👀^n💋  #運動內衣 👈👈👈 請點我 👀^n💋  #睡眠內衣 👈👈👈 請點我 👀^n^n👆🏻👆🏻👆🏻👆🏻👆🏻👆🏻👆🏻👆🏻👆🏻👆🏻👆🏻👆🏻👆🏻👆🏻👆🏻👆🏻,605,【萬芸】3D運動內衣跑步健身防震背心式少女小胸聚攏瑜伽睡眠大胸媽媽無鋼圈文胸性感女D,"['萬芸👈👈👈請點我👀^n💋', 'WY👈👈👈請點我👀^n💋', '內衣👈👈👈請點我👀^n💋', '萬芸內衣👈👈👈請點我👀^n💋', '萬芸無鋼圈內衣👈👈👈請點我👀^n💋', 'WY內衣👈👈👈請點我👀^n💋', '万芸👈👈👈請點我👀^n💋', '運動內衣👈👈👈請點我👀^n💋', '睡眠內衣👈👈👈請點我👀^n^n👆🏻👆🏻👆🏻👆🏻👆🏻👆🏻👆🏻👆🏻👆🏻👆🏻👆🏻👆🏻👆🏻👆🏻👆🏻👆🏻']"
74,2286803523,398.0,78491511,自有品牌,🈵️699免運費 下單自動扣除運費^n^n🎉今日起，凡下標時只要幫我們商品按下❤️👈^n🎉不論訂單金額，只需幫忙任一商品按下❤️👈^n^n🎉每日限額100份禮品，當日送完為止哦🎁^n ^n【急要，要出國，趕時間的慎拍慎拍，不接急單，路途遙遠，請水水們預留足夠的時間呢！包裹寄到上海國際物流中心才會有物流信息的，包裹一旦寄出就退不回來了，如果水水們不要了或者取消了我們就直接損失了，壓力好大好大的，請諒解！】^n^n【名稱】：運動內衣^n^n【肩帶】：肩帶可調整^n^n【胸垫】：固定式胸垫^n^n【钢圈】：無鋼圈運動內衣^n^n【成分】：錦綸/尼龍 83% 氨綸 13%^n^n【功能】：高防震/透氣/吸濕排汗^n^n【顏色】：黑色/灰藍/豆沙^n^n【尺碼】^nS  上胸圍68cm 下胸圍60cm 侧摆11.5cm 罩杯 70/32A 70/32B 75/34A 的小仙女 建議選 S 碼比較合身哦^n^nM  上胸圍72cm 下胸圍62cm 侧摆12.5cm 罩杯 75/34B 70/32C 75/34C 70/32D 的小仙女 建議選 M 碼比較合身哦^n^nL  上胸圍76cm 下胸圍64cm 侧摆13.5cm 罩杯 80/36A 80/36B 80/36C 75/34D 的小仙女 建議選 L 碼比較合身哦^n^nXL 上胸圍80cm 下胸圍66cm 侧摆14.5cm 罩杯 80/36A 80/36B 80/36C 75/34D 的小仙女 建議選 L 碼比較合身哦^n^n洗滌方式/貼心提醒：^n若商品有些微線頭再麻煩水水們自行修剪一下哦！^n勿長時間浸泡、勿使用熱水、勿使用漂白水、勿使用烘衣機。^n建議單獨洗滌，手洗。^n^n走線整齊平滑的四針六線工藝，穿著貼合更舒適。^n^n【品質真的超級贊 水水們買過一次就會明白哦！】^n^n^n^n^n^n#運動內衣 #健身內衣 #運動內衣女生 #運動內衣背心 #內衣 #歐美運動內衣 #瑜伽內衣女 #美背運動內衣 #唯美運動瑜伽服 #運動內衣背釦 #瑜伽內衣 #後扣運動內衣 #女子運動服裝 #瑜伽運動內衣 #運動內衣防震 #女性運動內衣 #少女運動內衣 #運動上衣運動內衣,103,WeiMei👉固定罩杯防震美背運動內衣 運動文胸 無鋼圈聚攏跑步健身瑜伽文胸bra,"['運動內衣', '健身內衣', '運動內衣女生', '運動內衣背心', '內衣', '歐美運動內衣', '瑜伽內衣女', '美背運動內衣', '唯美運動瑜伽服', '運動內衣背釦', '瑜伽內衣', '後扣運動內衣', '女子運動服裝', '瑜伽運動內衣', '運動內衣防震', '女性運動內衣', '少女運動內衣', '運動上衣運動內衣']"
75,3121037381,338.0,80087714,自有品牌,"【全店商品，滿299免運！需先領取運費抵用券哦，領取步驟：蝦皮首頁--免運--領取運費抵用券】^n^n^n【備註說明：因拍攝燈光和顯示器IOS,安卓手機（設備)等因素會造成瀏覽圖片與實物有些許色差~~請以收到實物為准！】^n^n【賣場有同款運動瑜伽褲，詳情請聊聊聯繫客服！】^n^n貨源類別^t現貨^t^n面料名稱^tNULS^n主面料成分^t錦綸/尼龍^n主面料成分的含量^t80（%）^t^n裏料成分^t錦綸/尼龍^n裏料成分含量^t80（%）^t^n款式^t背心式^t^n風格^t運動休閑^t^n是否有鋼圈^t無鋼圈^t^n設計特色^t光面^t^n罩杯型^t3/4罩杯^n模杯類型^t中模杯^t^n肩帶類型^t固定雙肩帶^t^n適合季節^t春季,秋季,冬季,夏季^n誤差範圍^t1-2cm^t^n最快出貨時間^t1-3天^t^n質量等級^t優等品^n適用場景^t足籃排運動,騎行運動,其他球類運動,運動潮流,場地遊藝設備,垂釣運動,舞蹈運動,跑步運動,徒步登山野營,乒羽網球運動,運動戶外包類,健身美體,極限挑戰,遊泳涉水運動^n顏色^t代碼藍,流沙粉,桑葚紫^t^n尺碼^tS,M,L,XL^n^n^n^n??全場滿699免運！！！^n本賣場商品95%都有現貨，支持多件議價或壹件代發，也可批發！帶上您的數量，價格美麗！！！歡迎選購！^n?【1】賣場每天放送大量?滿減折扣代碼?請點賣場折扣代碼查看^n?【2】商品到貨隔日享蝦皮15天鑑賞期之權益【鑑賞期非試用期】，辦理退貨商品必須是全新狀態且包裝完整，否則將會影響退貨權限。^n?【3】非質量問題或不喜歡辦理退貨，運費需承擔50%，下單請慎重！^n?我們以最優惠的價格和最好的品質回饋各位，請多多支持^_^^n?網購最重誠信及評價，本店拒絕以任何負面評價來做為溝通橋樑，【惡意差評者將以投訴或加入黑名單，永不交易】所有事情都是可以處理和避免的，若有任何商品或服務等問題，請立即與我們聯絡，我們很樂意為您處理及解答一切問題。^n?本賣場商品在大陸發出，不接急單，一般物流時間4~7個工作日到門市，個別商品如遇到缺貨，我們將會及時的聯繫您，可能需要多等機天。^n?關於出貨狀態【貨品從倉庫寄出去後，并不會馬上顯示已出貨，因為我們需要寄到國際物流轉運中心，工作人員收到貨并掃描後才會顯示已出貨，請買家耐心等待】^n🍥🍥🍥🍥🍥🍥🍥🍥🍥🍥🍥🍥🍥🍥🍥🍥^n^n    洗滌方式＆貼心提醒：^n⭐️尺寸皆為手工測量，誤差1-2cm內為正常範圍。^n⭐️若商品有些微線頭再麻煩水水自行修剪壹下哦。^n⭐️勿長時間浸泡、勿使用熱水、勿使用漂白水、勿使用烘衣機。^n⭐️建議單獨洗滌，手洗 。^n^n^n⭐️經營理念⭐️^nSilly是個愛好健身和瑜伽的女孩，喜歡把好貨分享給水水們哦💕^n讓妳們越來越美 ~越來越少女哦~~^nSilly家的款式大部分都是獨家定制款哦~全部現貨供應^n品質真的都是超級贊^n水水們如果買過壹次就會明白哦~^n ^n🔺有任何問題都可以通過聊聊直接聯繫到我哦~^n^n品質真的都是超級贊^n水水們如果買過壹次就會明白哦~^n^n^n^n##時尚運動文胸^n##健身內衣^n##瑜伽內衣^n##運動T恤 ^n##運動背心^n##瑜伽背心 ^n##運動上衣^n##運動外套^n##時尚運動長褲^n##健身長褲^n##瑜伽褲^n##緊身褲^n##壓力褲^n##九分褲^n##七分褲^n##時尚運動短褲^n##運動熱褲^n##時尚運動套裝",162,【Silly優品】新款歐美高強度防震運動內衣 埃菲爾美背小高領瑜伽健身文胸,"['', '時尚運動文胸^n', '', '健身內衣^n', '', '瑜伽內衣^n', '', '運動T恤^n', '', '運動背心^n', '', '瑜伽背心^n', '', '運動上衣^n', '', '運動外套^n', '', '時尚運動長褲^n', '', '健身長褲^n', '', '瑜伽褲^n', '', '緊身褲^n', '', '壓力褲^n', '', '九分褲^n', '', '七分褲^n', '', '時尚運動短褲^n', '', '運動熱褲^n', '', '時尚運動套裝']"
76,4016737510,400.0,11946292,PUMA(彪馬),採用吸濕快乾布料，^n^n可調整式肩帶，^n^n可拆式襯墊，^n^n無縫線的滑順感穿著舒適。^n^n一組兩件^n^n黑 / 灰^n^n外包裝和較醜 / 破損^n^n下標前請確認數量,121,購Happy~PUMA 女運動內衣(每組2件)採用吸濕快乾布料.可調整式肩帶設計/可拆式襯墊設計,[]
77,2252913544,550.0,4850817,自有品牌,這件闆娘有可可色整套❤️^n非常適合高強度 顏色超美!!!!! ^n闆娘34D穿M貼身^n^n可可拿鐵出整套同色喔!! ^n^nS :胸下圍29*2cm^nM :胸下圍31*2cm^nL :胸下圍33*2cm^n^n📣建議尺寸/試穿報告^nS號 - 32A/32B/32C/32D/32E^nM號 - 34A/34B/34C/34D/34E^nL號 - 36A/36B/36C/36D/36E試穿報告^n^n顏色：可可色。粉紅。粉綠。粉紫^n^n^n小提醒：^n🔺非現貨商品皆需等待7-21個工作天，質量檢查後一定火速寄出商品。^n🔺商品皆為貼身衣物，寄出後無法退換貨，請多多包涵，闆娘商品都會實穿+拍攝影片給大家，圖片都沒有修圖。^n🔺請寶貝們記得確認尺寸唷，有任何問題都可以先詢問闆娘。,121,🔥高強度🔥後雙線交叉運動內衣 瑜珈內衣 ❤️,[]
78,1547285284,390.0,7512260,自有品牌,又是運動的好季節 柏兒的新款上市咯 ^n四季型運動內衣  超級棒的質感 😸😸 ^n ^n哇 😋 闆闆摸到手感時 實在覺得太棒了 ^n設計款式搭配柔軟透氣的罩杯 ^n強化支撐並增強覆蓋度 優質的包裹性^n吸濕排汗 舒適貼服 防震效果棒👍 ^n ^n成分 👉 棉35%+聚脂纖維65%^n優質彈性 包覆度100%^n吸汗快乾 舒適度100% ^n環保材質 健康值100%^n三扣可調 方便率100%^n ^n3色選擇 👉黑色 白色 紫色^n  ^n三碼選擇 👉S • M • L  尺寸如下  ^nS  建議合適 70A/B/C/D ^nM 建議合適 75A/B/C/D ^nL  建議合適 75E 80A/B/C/D^n^n新增黑色xL 適合80E/F/85C/D/F^n以上是建議尺寸 實際會跟身高體重有關^n例如165/60，75D，肩比較寬，選L^n^n現貨或追加 持續供應中👏 ^n下單後3-5天內會順序寄出喔 ^n如若缺色碼 我們會先通知您喔放心^n^n有什麼尺寸問題等 下單前也可以先詢問喔☺  ^n擺脫拜拜肉 努力成為健康女神吧😋  ^n^n🍺新一季最新優惠🥳🥳🥳🥳^n現在起除了關注禮即享現金回饋外^n❤️只要幫我按讚20個商品並在下單區備註^n👉👉👉完成按讚仼務👈👈👈^n滿777下單後即送您小禮品喔😝😝^n🙆‍♀️每人只限一份 送完為止 ❤️ ^n但必須在訂單備註欄註明:已關注✨才算完成喔^n^n#運動內衣  #運動上衣 #運動 #慢跑 #鏤空  #跑步 #瑜伽 #訓練 #美背內衣 #運動內衣背心 #健身背心  #bra    #健身 #高強度運動內衣 #防震 #內衣 #無鋼圈 #瑜伽服,271,柏兒❤️ 中高強防震 側交叉 聚攏 美背運動內衣 吸濕排汗 跑步 瑜伽 一體式 內衣 高強度 健身👍優質商品,"['運動內衣', '運動上衣', '運動', '慢跑', '鏤空', '跑步', '瑜伽', '訓練', '美背內衣', '運動內衣背心', '健身背心', 'bra', '健身', '高強度運動內衣', '防震', '內衣', '無鋼圈', '瑜伽服']"
79,1703183905,94.0,99889178,,"★尺碼^nS：胸圍80-90cm, 32ABCD-34ABC^nM：胸圍90-105cm, 34D-36ABCD-38AB^nL：胸圍105-120cm, 38CDE-40ABCD^n^n✔速乾面料 ^n✔運動舒適^n✔網紗拼接背心^n✔超強防震^n^n★面料：錦綸^n★女士高強度防震運動文胸，高彈性，透氣，易洗，速幹^n^n★中國廣州，壹般下單24小時內發貨，廣州發往深圳，訂單物流信息會在下單72小時內更新.^n ^n★內衣產品基於衛生考慮，壹旦售出，不可退換^n^n#運動內衣 #運動背心 #防震運動內衣 #運動文胸 #跑步內衣 #跑步背心 #女士運動內衣",186,082110上伸運動漸變色高強度防震瑜伽健身跑步運動內衣無鋼圈,"['運動內衣', '運動背心', '防震運動內衣', '運動文胸', '跑步內衣', '跑步背心', '女士運動內衣']"
80,466752650,248.0,7291164,,"焦點嚴選運動內衣^n穿上它^n專業.自信.^n不只性感,更是感性.^n內附可拆洗襯墊^n城市焦點,焦點服飾.",32,WSB005 專業女款 單肩式 防震運動內衣 集中無鋼圈 附可拆胸墊 健身 慢跑 瑜珈 游泳透氣 速乾內衣焦點服飾,[]
81,1484136154,239.0,38834592,,共3色-黑-白-紅-藍^n^n造型運動內衣^n胸墊可自行拆卸更換,37,WSB005 專業女款 單肩式 防震 運動內衣 集中無鋼圈 附可拆胸墊 健身 慢跑 瑜珈 游泳透氣 速乾 內衣,[]
82,2186500531,59.0,7142269,自有品牌,✨ 高強度專業穩定包覆，彈性超大，質感柔軟 ^n✨ 按摩顆粒胸墊，穿著24hr輕輕按摩胸部 ^n✨ 降低運動產生的晃動，更加集中，更加防震 ^n^n💎 防走光設計，超有線條感，運動的首選內衣 ^n💎 舒服無鋼圈 ，超透氣純棉材質，流汗不黏皮膚 ^n💎 時尚百搭造型，可以放心💯搭配各種衣服 ^n^n^n▲ 產品規格：^n1. 顏色：黑色、白色^n2. 背面：X型美背設計^n3. 鋼圈：無鋼圈^n4. 襯墊：可拆式按摩顆粒胸墊^n5. 功用：運動、健身、睡眠、瑜珈...等^n6. 材質：92%錦綸 + 8%氨綸^n7. 備註：單件內衣，不含內褲^n^n▲ 尺寸規格：^n☑️ 適合胸圍60cm ~ 90cm 穿著^n➡ 適合D罩杯以下可穿^n➡ 建議穿著體重：40 ~ 70KG^n💥💥💥 所有顏色皆有現貨，歡迎下標!!!💥💥💥^n^n^n☕ 產品敘述：^n1. 此商品為貼身物品，為了衛生問題，商品不提供退換貨。^n2. 不接受個人原因或花色等非產品瑕疵問題退貨。^n3. 因每台手機或電腦螢幕顯示度不同，輕微色差問題無法避免。^n4. 瑕疵定義: 衣物大面積破損、大面積汙漬...等嚴重影響穿著之情況。^n5. 非瑕疵定義: 色差、布料染劑味道、極小汙漬、輕微脫線...等不影響穿著之情況。^n6. 尺寸皆為手工測量，誤差1-3cm內為正常範圍，不屬於品質問題。^n7. 勿長時間浸泡、勿使用熱水、勿使用漂白水、勿使用烘衣機^n8. 任何衣物建議單獨洗滌，避免造成衣物顏色互染。^n9. 深色布料首次洗滌時易釋於些微染劑，屬正常現象。^n^n^n💎 💎 💎 我們的用心，你的選擇 💎 💎 💎 ^n💖 每件小可愛運動內衣都有精美獨立包裝^n💖 寄出時會使用全新包裝袋或紙箱包裝寄出^n💖 確保水水們收到商品都是最完美的狀態 💕^n💖 商品信息也不會貼在包裝外面^n💖 確保水水們的隱私不外露，取貨不尷尬！😘^n^n^n📌 備註:^n❶ 因法律規定內衣褲無7天鑑賞期，為了衛生問題，不接受任何原因退換貨。^n❷ 可以下單的選項都是現貨，下單前也請麻煩確認尺寸是否符合自己可以穿著的範圍。^n5,51,小可愛 內衣 無痕 親膚 品質高 韓系百搭字母美背運動內衣小可愛 美背 小心機 夏天熱銷款 彩色性感美背 細繩後背交叉露,[]
83,1946346225,590.0,7304797,Calvin Klein(凱文克萊),"XS.S.M.L內衣、內褲👙現貨在台灣喔！^n新進丁字褲，小丁款😊^n❤️賣場還有另一款三角形襯墊款❤️^n^n美國紅翻天的運動型內衣,終於有一點折扣,天后Jolin也是穿他們家，各Size都只有少少的幾套而已,喜歡的美眉不要猶豫啦!^n^n賣場還有同系列內褲,可以帶一套,更好看!^n^n貼身衣物屬個人私人用品,售出後不退換貨喔!謝謝!^n^n另外,提醒一下,因為這套內衣褲太熱賣了,網路上有許多贗品,請各位美眉要睜大眼睛多多比較喔!^n商品皆購於outlet或是各大百貨公司,每筆商品都可以提供購買收據,讓您買得放心!^n購買一套有甜甜價喔！請私訊💕^n^n#CalvinKlein #CK #內衣 #內褲 #運動內衣 #艾媽咪美國直送 #美國直送",198,《現貨在台，快速出貨》👍超值特賣👍~美國直寄~保證正品 超熱賣款 CK 運動內衣 內衣 有襯墊 內褲 黑 灰,"['CalvinKlein', 'CK', '內衣', '內褲', '運動內衣', '艾媽咪美國直送', '美國直送']"
84,1631313082,580.0,81130315,自有品牌,     ^n^n      細肩帶雙交叉/性感美背設計^n      正面胸腺適中小胸女孩也適合^n      布料柔軟穿上舒適無負擔^n^n      商品顏色  黑^n      中強度/內襯可拆兩片式^n^n      商品長度/中版^n      商品版型/適中^n      商品彈性/良好^n      商品厚薄/適中^n^n      素材產地 / China^n      加工產地 / China^n^n      尼龍/Nylon  90%^n      氨綸/Spandex   10%^n^n^n      建議單獨洗滌^n      不可使用熨斗整燙^n      不可使用漂白劑、螢光增白劑及衣物柔軟劑^n      不可乾洗、烘乾、濕放，避免衣物縮水變形^n      深淺色衣物不可同時洗滌避免互相移染^n      洗滌時水溫需低於30℃以下且不宜久浸^n      襯墊建議抽出後放入細網洗衣袋單獨洗滌^n^n      #美背 #挖背 #露背 #細肩帶 #無鋼圈內衣#歐美 #顯瘦 #交叉 #運動內衣 #運動背心 #背心 #瑜珈 #慢跑 ,420,現貨🔥交叉美背細肩帶運動內衣,"['美背', '挖背', '露背', '細肩帶', '無鋼圈內衣', '歐美', '顯瘦', '交叉', '運動內衣', '運動背心', '背心', '瑜珈', '慢跑']"
85,4307816043,100.0,4969407,自有品牌,總是擔心手伸不到後背扣內衣扣嗎！！！^n不用擔心♥就是要給你貼心設計，前端拉鏈好輕鬆！^n而且超sweet的包口設計，讓你拉拉鍊也不怕夾到肉，而且背後U型設計，運動時也乾爽不悶熱^n^n✔尺寸^nFree-32-36^n加大-38-42^n✔顏色:黑色/白色/膚色/桃紅/灰色/豆沙粉^n^n⚠實體顏色難免因手機畫質有差異，勿以此原因退換貨^n,33,庭兒柑仔店🍊【關注折10元】前開拉鍊內衣 不黏膩 好穿脫 運動內衣 無鋼圈 親膚 透氣,[]
86,1061540240,199.0,25335685,Daima(黛瑪),32~36 建議選擇尺寸L^n38~42 建議選擇尺寸XL^n^n#847其他顏色^n^n全開式前拉鍊設計穿脫更方便^n背心式肩帶，舒適零壓力^n可當內搭，舒適彈力零著感^n睡覺穿著，可減少下垂外擴^n運動穿著，可避免鋼圈摩擦^n^n時尚全開式前拉鍊設計，比傳統後扣式內衣快速又簡易，穿脫自如^n訂製款拉鍊，邊角更柔和，呵護細緻肌膚^n貼心拉鍊下包口設計，防止拉鍊劃傷皮膚^n後背採用速乾透氣面料、U型設計，輕柔透氣，運動時乾爽不悶熱^n可拆式三角胸墊，健康簡潔，定期更換增長內衣壽命^n背心式加寬肩帶，拉力強，減輕肩膀壓力，穿著較無勒痕，零束縛^n下圍加寬，支撐力更好，強力承托胸部，避免運動中帶來的傷害^n全罩杯設計，完美包覆，超強穩定、減輕運動產生的晃動，防止下垂下垂^n全力支撐~不移位，加寬肩帶加強支撐胸部防止晃動，加寬下擺支撐，不壓胸、不移位^n^n商品內容：運動內衣x1件^n商品尺寸：L（32～36）、XL（38～42）^n商品顏色：紫^n商品材質：91％聚酯纖維、9％彈性纖維^n鋼圈：無^n背鉤：無，前拉鍊全開式^n肩帶：不可拆不可調^n襯墊：可拆式輕薄襯墊x1副^n商品型號：847^n^n^n#無鋼圈 #排汗 #瑜珈 #運動內衣 #內衣 #女生內衣 ^n#健身 #彈性佳 #舒適 #吸濕排汗  #集中 #BraT ^n#居家內衣 #哺乳內衣 #下擺加寬 #睡眠內衣,45,黛瑪Daima 全開式前拉鍊無鋼圈內衣 集中 哺乳 睡眠 瑜珈 運動 紫色 847,"['847其他顏色^n^n全開式前拉鍊設計穿脫更方便^n背心式肩帶，舒適零壓力^n可當內搭，舒適彈力零著感^n睡覺穿著，可減少下垂外擴^n運動穿著，可避免鋼圈摩擦^n^n時尚全開式前拉鍊設計，比傳統後扣式內衣快速又簡易，穿脫自如^n訂製款拉鍊，邊角更柔和，呵護細緻肌膚^n貼心拉鍊下包口設計，防止拉鍊劃傷皮膚^n後背採用速乾透氣面料、U型設計，輕柔透氣，運動時乾爽不悶熱^n可拆式三角胸墊，健康簡潔，定期更換增長內衣壽命^n背心式加寬肩帶，拉力強，減輕肩膀壓力，穿著較無勒痕，零束縛^n下圍加寬，支撐力更好，強力承托胸部，避免運動中帶來的傷害^n全罩杯設計，完美包覆，超強穩定、減輕運動產生的晃動，防止下垂下垂^n全力支撐~不移位，加寬肩帶加強支撐胸部防止晃動，加寬下擺支撐，不壓胸、不移位^n^n商品內容：運動內衣x1件^n商品尺寸：L（32～36）、XL（38～42）^n商品顏色：紫^n商品材質：91％聚酯纖維、9％彈性纖維^n鋼圈：無^n背鉤：無，前拉鍊全開式^n肩帶：不可拆不可調^n襯墊：可拆式輕薄襯墊x1副^n商品型號：847^n^n^n', '無鋼圈', '排汗', '瑜珈', '運動內衣', '內衣', '女生內衣^n', '健身', '彈性佳', '舒適', '吸濕排汗', '集中', 'BraT^n', '居家內衣', '哺乳內衣', '下擺加寬', '睡眠內衣']"
87,7701452502,488.0,184701478,0,"S'dare 乖乖牌耍壞運動衣^n^n***此款版偏小***^n-肩部拼接網眼透氣材質^n-吸濕排汗布料,不悶汗、不黏膩^n-圓領小包袖設計，時尚短版造型，是搶眼的健身穿搭^n-胸墊不可拆換^n^n材質:尼龍+彈性纖維^n^n1.深淺色請分開洗滌，以避免造成互相移染。^n2.請放入大小適中之細網洗衣袋中弱速機洗，以保持商品型態。^n3.洗滌時，水溫請低於30°C；請使用中性洗劑；請勿長時間浸泡。^n4.請勿使用漂白劑、螢光增白劑及衣物柔軟劑，以免破壞布料。^n5.請弱速輕脫水，不可烘乾、不可濕放，清洗後請快速調整商品型態並陰乾即可。^n^n^n#Sdare#運動背心#運動內衣#運動服#跑步#運動#瑜珈#健身房#時尚#拐拐",50,Sdare乖乖牌耍壞運動衣 女 運動內衣 小可愛 運動 健身 跑步 瑜珈 性感 火辣 集中 包覆 舒適 透氣  拐拐,"['Sdare', '運動背心', '運動內衣', '運動服', '跑步', '運動', '瑜珈', '健身房', '時尚', '拐拐']"
88,3235558162,35.0,240366620,自有品牌,"主面料成分 錦綸/尼龍^n主面料成分的含量 92（%）^n產品類別 裹胸/抹胸^n功能 打底，防走光，美背^n織法 針織^n款式細節 無縫/一片式^n是否無縫 是^n衣長 及胸^n顏色 白色,黑色^n尺碼 均碼",41,無縫美背吊帶裹胸抹胸文胸 打底內衣女短款瑜伽運動小背心,[]
89,1238359818,121.0,51835120,,更多🍒Shineebaby🍒運動系列請戳》》#Shineesport運動內衣 👈👈👈^n-------------------歡迎光臨🍒Shineebaby內睡衣旗艦店🍒-------------^n----^n-----------親們，是現貨的噢---^n^n排扣類型：前搭扣，^n全罩杯，無鋼圈，固定雙肩帶，有襯墊，^nS：適合上胸圍75-84cm，對應文胸尺碼：70BC，75BC;^nL：適合上胸圍82-90cm，對應文胸尺碼75CD，80BC;^nL：適合上胸圍88-100CM，對應文胸尺碼85BC，90BC;^n^n#前拉鍊  #無鋼圈 #健身運動 #瑜伽文胸^n---,33,🍒Shineesport🍒 純色前衛 前拉鍊運動內衣 高強度 無鋼圈 健身運動 瑜伽文胸,"['Shineesport運動內衣👈👈👈^n-------------------歡迎光臨🍒Shineebaby內睡衣旗艦店🍒-------------^n----^n-----------親們，是現貨的噢---^n^n排扣類型：前搭扣，^n全罩杯，無鋼圈，固定雙肩帶，有襯墊，^nS：適合上胸圍75-84cm，對應文胸尺碼：70BC，75BC;^nL：適合上胸圍82-90cm，對應文胸尺碼75CD，80BC;^nL：適合上胸圍88-100CM，對應文胸尺碼85BC，90BC;^n^n', '前拉鍊', '無鋼圈', '健身運動', '瑜伽文胸^n---']"
90,7917768467,890.0,7773370,Nike(耐吉),女孩們運動必備的中度支撐運動內衣來囉！^n適合健身房各種運動，跑步打球重訓一件搞定！^n^n材質：100%聚酯纖維^n^n全新/100%正品^n貨源：台灣運動用品經銷商,63,NIKE 運動內衣 中度支撐 中強度 ‼️限時特價‼️,[]
91,2298729439,420.0,84808871,自有品牌,"【在台灣現貨，快速到貨!!非海外不用等一個月!!】^n^n🔥實穿感想^n拼色設計超好看!!俐落的版型設計^n前U較高適合害羞不想露胸的女孩^n^n⭐️尺寸表：(單位cm，平量x2) 測量誤差+-2CM,布料有彈性，數據僅供參考^nS ： 胸圍 74-82  | 下胸圍 58-66 | 70ABC-75A^nM ： 胸圍 83-91  | 下胸圍 67-75 | 70D-75BCD-80A^nL ： 胸圍 92-100 | 下胸圍 76-88 | 75D-80BCD^nXL： 胸圍 101-109| 下胸圍 89-91 | 85ABCD^n^n成份：84%錦綸、16%氨綸^n^n📣產品特性^n胸墊：有^n強度：高強度(適合任何運動)^n^n一款可當背心的運動內衣，是適合許多女孩的運動單品。^n乾淨俐落的設計版型，有很好的彈力，凸顯身材同時運動也不會有束縛感。^n背後還做了鏤空設計，側面加上夜跑反光條，拼色設計，不悶胸，讓你穿著更舒適。^n ^n^n❤注意事項：^n1. 許多商品使用天然環保染料，初次下水可能有多餘染劑釋出情況(商品不會退色)，建議初期清洗將深色與淺色衣物分開洗滌，以避免造成染色的情況。^n2.貼身類商品(如內衣內褲..等)基於衛生原則，除了為瑕疵品問題，恕無法協助退換貨，因此該類商品請於購買前確認尺寸和款式。^n^n^n#運動內衣 #高強度 #運動 #跑步 #瑜伽 #訓練 #bra #女 #健身 #防震 #內衣 #無鋼圈 #撞色 #拼色",27,HOT HONEY 🔥高強度絕對實穿🔥 拼色款聚攏防震內衣 運動瑜珈文胸 無鋼圈 Bra,"['運動內衣', '高強度', '運動', '跑步', '瑜伽', '訓練', 'bra', '女', '健身', '防震', '內衣', '無鋼圈', '撞色', '拼色']"
92,5818524522,1024.0,5337116,Nike(耐吉),"📌胖爸只賣正品,並開立統一發票^n⚠️胖達賣場內商品皆屬代購,庫存隨經銷門市變動^n⚠️如下單商品完售,請參考賣場內其他商品及協助取消訂單^n^n胖達）^nNIKE SWOOSH ICON CLASH 運動 內衣 中度支撐 排汗 CJ0707-010 黑橘 女^n🔹尺寸：XS~XL^n🔹貼身衣物不可做退換貨, 請確認尺寸後再下單^n————————————^n🔸蝦皮：panda731209^n🔸IG：panda_store_tw^n",41,胖達）NIKE SWOOSH ICON CLASH 運動 內衣 中度支撐 排汗 CJ0707-010 黑橘 女,[]
93,1108856359,850.0,1658462,Nike(耐吉),#NIKE #NIKE內衣 #NIKE運動內衣 #運動內衣^nNIKE CLASSIC FUTURA 中強度 運動內衣 重訓 899371-010 100^n^nFB臉書粉絲專業 :( Simple shop ) https://www.facebook.com/SimpleShop.tw/^nFB社團 :( Simple shop福利站 )https://www.facebook.com/groups/348936218946789/^n賣場注意事項：^n1.商品皆是下單後，我們到店面購買後出貨，屬於客製化商品，所以不屬於網購7天鑑賞期，恕不接受退換貨服務^n2.一律不回答真假問題，有疑慮請去門市購買^n3.運動品牌並非精品，完美主義者請勿下標^n4.尺寸建議僅供參考，如有疑慮請至門市試穿再行購買^n5.下標商品前請先確認尺寸，售出後不退換貨，除有重大瑕疵,22,【Simple Shop】NIKE CLASSIC FUTURA 中強度 運動內衣 重訓 899371-010 100,"['NIKE', 'NIKE內衣', 'NIKE運動內衣', '運動內衣^nNIKECLASSICFUTURA中強度運動內衣重訓899371-010100^n^nFB臉書粉絲專業:(Simpleshop)https://www.facebook.com/SimpleShop.tw/^nFB社團:(Simpleshop福利站)https://www.facebook.com/groups/348936218946789/^n賣場注意事項：^n1.商品皆是下單後，我們到店面購買後出貨，屬於客製化商品，所以不屬於網購7天鑑賞期，恕不接受退換貨服務^n2.一律不回答真假問題，有疑慮請去門市購買^n3.運動品牌並非精品，完美主義者請勿下標^n4.尺寸建議僅供參考，如有疑慮請至門市試穿再行購買^n5.下標商品前請先確認尺寸，售出後不退換貨，除有重大瑕疵']"
94,7301242267,79.0,4636430,自有品牌,闆娘真心推薦給各位^n不僅舒服也好搭^n^n廠商推薦40-65公斤適穿唷,132,限額免運👙現貨無鋼圈內衣👙無鋼圈內衣 運動內衣 無痕內衣 休閒內衣 內衣 細肩內衣 露背 性感內衣,[]
95,5043259713,124.0,250994804,,貨源類別：現貨^n是否支持貼牌：支持^n是否支持代工：不支持^n面料名稱：錦綸/尼龍^n主面料成分：錦綸/尼龍^n主面料成分的含量：90（%）^n裏料成分：聚酯纖維（滌綸）^n裏料成分含量：10（%）^n款式：背心式^n適用人群：青年女性^n風格：性感嫵媚^n是否無縫：是^n是否有鋼圈：無鋼圈^n設計特色：無縫舒適^n罩杯型：全罩杯^n模杯類型：超薄模杯^n肩帶類型：固定雙肩帶^n誤差範圍：1~3cm^n適合季節：夏季，冬季，春季，秋季^n是否庫存：是^n庫存類型：整單^n改版：不可改版^n質量等級：一等品^n功能：運動護胸^n顏是否進口：否^n色：粉色，黑色，螢光綠，灰色，淺綠色^n尺碼：S，M，L，,0,交叉美背無鋼圈運動文胸背心專業防震跑步健身瑜珈文胸內衣女,[]
96,1734695210,139.0,6152778,自有品牌,現貨在台~台北快速出貨唷^^^n內衣褲屬於個人衛生接觸性用品，一旦售出概不退換，下單即表示同意!!!^n^n莫代爾材質真正好穿~~!!!^n棉柔的穿著感很舒服!!!^n而且直接當內搭~超方便^n^n尺寸表 :^nM號 : 32A 32B 32C 32D 34A 34B 34C^nL號 : 34C 34D 36A 36B 36C 36D ^nXL號 : 36D 38A 38B 38C 38C 40A 40B 40C^n^n^n肩帶露出來^n就跟一般細肩帶背心一模一樣^n完全不尷尬!!~^n^n搭配性很強又好穿!!^n闆闆自己黑白灰都有收唷!!^n^n無鋼圈的零著感^n也可以當睡眠內衣^n完全不會壓迫^n運動跟平常穿搭也都大推：）,6014,台灣出貨~(現貨秒出!!!) MYMY【BK336】好穿!!! 莫代爾 無鋼圈 細肩帶 運動背心 內搭 無痕內衣 小可愛,[]
97,349090062,388.0,27551865,eDELE(伊黛爾),《商品說明》^n素色優雅親膚超舒感咖啡紗透氣材質，結合台灣冰涼玉舒適均勻襯墊。^n擁有優異的吸濕排汗效果，穿著乾爽舒適。^n採用無鋼圈設計，避免成長胸型的壓迫，舒適不外擴。^n內襯採舒柔透氣材質布料，透氣舒適吸汗，給自己肌膚最舒服的呵護。^n脅邊10.5cm，胸部穩定集中不位移，無膠條設計減少大動作的不適感。^nＵ字型後扣式三排三勾扣設計，輕感舒壓美背是您貼心的好伙伴！^n3排3勾扣 5.5公分高背勾，調整自如更穩定。^n運動流汗不悶熱，防震舒適超透氣。^n親膚、吸濕、排汗、透氣、舒適、乾爽。^n^n冰礦咖啡採用複方製程，結合臺灣玉涼感礦石，咖啡碳及抑菌消臭等素材，兼顧春夏色彩多樣及複合機能性。^n接觸涼感：涼感透氣^n吸濕排汗：乾爽舒適^n機能耐久：功能永久，耐水洗^n抗紫外線：優越的紫外線抵抗能力.可保護皮膚^n抗菌消臭：咖啡碳多孔結構可吸附流汗產生之異味^n環保概念：咖啡碳再生原料，符合環保概念^n^n內容：內衣^n尺寸：下胸圍 M(32-34)-L(34-36)-XL(36-38)-Q(38-40) ^n罩杯適穿範圍：B-E罩^n排扣：三排三鉤^n鋼圈：無^n肩帶：不可拆可調^n內褲：無 ^n表層：尼龍(咖啡沙)39% 尼龍23% 聚酯纖維27.5% 彈性纖維10.5%^n背片：尼龍(咖啡沙)39% 尼龍23% 聚酯纖維27.5% 彈性纖維10.5%^n產地：台灣製^n^n#涼感 #運動內衣 #無鋼圈 #內衣 #流行內衣 #瑜珈 #大尺碼 #伊黛爾 #咖啡紗,48,【伊黛爾】冰礦咖啡紗運動休閒無鋼圈美胸衣-涼感-無鋼圈-包覆-舒壓-冰礦芋  NO1615,"['涼感', '運動內衣', '無鋼圈', '內衣', '流行內衣', '瑜珈', '大尺碼', '伊黛爾', '咖啡紗']"
98,3643911504,329.0,62850908,自有品牌,"很多人運動時都會買運動配備來保護自己^n但內衣這塊卻是很多人都會忽略的地方^n為甚麼運動時要穿運動內衣呢 ?^n因為運動時胸部會因為運動程度不同而有著不同程度的搖晃^n一般內衣對胸部的穩定度不夠好，保護跟穩定的作用都沒有運動內衣來的好^n如果過於激烈可能會造成胸部跟乳房內的韌帶組織受傷^n長期下來也有下垂的疑慮^n您非常需要來一件這款""跑跳不移位，自由暢快呼吸""^n📌U領設計鎖定加上罩杯服貼包住，拒絕胸部移位^n📌背後使用網紗材質透氣不悶熱不積汗^n📌穿脫自如不費力三排背扣，告別運動後滿身汗水穿脫困難 ~~~^n好的運動內衣，值得您擁有💗^n^n^n❤貼心提醒❤^n清洗方式 : 建議使用冷水跟粉狀清潔劑清洗^n液狀洗劑容易堵塞運動內衣布料纖維之間的孔洞^n長期下來有損吸濕排汗功能^n清洗完請吊掛晾乾即可，不要烘乾^n^n【商品名稱】:高強度運動防震內衣^n【產品材質】:錦綸/尼龍^n【商品顏色】:黑色/粉色^n【商品尺寸】:^nS:    胸圍:33 下圍:28 領寬:17   衣長:30^nM:    胸圍:35 下圍:30 領寬:17.5 衣長:30.5^nL:    胸圍:37 下圍:32 領寬:18   衣長:31^nXL:   胸圍:39 下圍:34 領寬:18.5 衣長:31.5^nXXL:  胸圍:41 下圍:36 領寬:19   衣長:32^nXXXL: 胸圍:43 下圍:38 領寬:19.5 衣長:33^n^n【產品用途】:保護胸部、防震、吸汗^n【內容物】: 一件^n【配送方式】超商取貨 or 大榮宅配 (無重量限制)，偏遠地區加收運費，請先聯繫小幫手^n^n【退換貨須知】:^n個人貼身用品，基於衛生考量，凡經拆封後，若非產品瑕疵問題，恕不接受退貨，如欲退貨請勿拆封。^n由於每個人的鬆緊感受度不同，賣家建議尺寸，僅供參考，購買前可透過聊聊詢問。",7,【居家健身】高強度運動防震內衣 U領 可拆卸胸墊 透氣 無鋼圈內衣 運動內衣 美背 防震 跑步 背扣款 瑜珈 素色內衣,[]
99,4914397339,27.0,200610304,自有品牌,💕💕💕歡迎光臨 大小姐 內衣內褲品牌店💕💕💕^n📣📣📣📣新用戶關注本店首單下單立減10，可直接聯繫聊聊索要折扣碼喲。^n ^n#大小姐^n#大小姐內衣^n^n尺碼：32/70AB， 34/75AB ，36/80AB ，38/85AB   ^n^n顏色：黑色，綠色，藍色 紅咖色^n^n罩杯：AB杯 ^n^n內褲均碼【需要配套請加購】【需要配套請加購】,1568,【台灣現貨】大小姐  秋冬新款小胸聚攏薄款透氣細雙肩帶美背內衣女性感無鋼圈無痕上托文胸,"['大小姐^n', '大小姐內衣^n^n尺碼：32/70AB，34/75AB，36/80AB，38/85AB^n^n顏色：黑色，綠色，藍色紅咖色^n^n罩杯：AB杯^n^n內褲均碼【需要配套請加購】【需要配套請加購】']"
